2015-11-19	BTC	326.41
2015-11-20	BTC	322.39
2015-11-21	BTC	327
2015-11-22	BTC	323.71
2015-11-23	BTC	323
2015-11-24	BTC	321
2015-11-25	BTC	328.98
2015-11-26	BTC	352.57
2015-11-27	BTC	358.19
2015-11-28	BTC	357.24
2015-11-29	BTC	372.24
2015-11-30	BTC	376.86
2015-12-01	BTC	362.68
2015-12-02	BTC	360
2015-12-03	BTC	361.77
2015-12-04	BTC	363.98
2015-12-05	BTC	387.99
2015-12-06	BTC	387.55
2015-12-07	BTC	394.73
2015-12-08	BTC	418.94
2015-12-09	BTC	418.39
2015-12-10	BTC	415.68
2015-12-11	BTC	452.95
2015-12-12	BTC	436.87
2015-12-13	BTC	433.83
2015-12-14	BTC	444.01
2015-12-15	BTC	464.27
2015-12-16	BTC	453.97
2015-12-17	BTC	455.5
2015-12-18	BTC	463.17
2015-12-19	BTC	461.29
2015-12-20	BTC	442.22
2015-12-21	BTC	436.81
2015-12-22	BTC	433.92
2015-12-23	BTC	442.43
2015-12-24	BTC	455.74
2015-12-25	BTC	455.84
2015-12-26	BTC	419.41
2015-12-27	BTC	424.72
2015-12-28	BTC	421.94
2015-12-29	BTC	433.89
2015-12-30	BTC	427.95
2015-12-31	BTC	430.35
2016-01-01	BTC	435.66
2016-01-02	BTC	435.4
2016-01-03	BTC	431.91
2016-01-04	BTC	433.85
2016-01-05	BTC	433.34
2016-01-06	BTC	430.87
2016-01-07	BTC	459.07
2016-01-08	BTC	454.44
2016-01-09	BTC	450.38
2016-01-10	BTC	449.99
2016-01-11	BTC	449.19
2016-01-12	BTC	434.01
2016-01-13	BTC	432.77
2016-01-14	BTC	430.03
2016-01-15	BTC	357.53
2016-01-16	BTC	388.7
2016-01-17	BTC	378.46
2016-01-18	BTC	384.89
2016-01-19	BTC	375.27
2016-01-20	BTC	418.54
2016-01-21	BTC	409.38
2016-01-22	BTC	382.9
2016-01-23	BTC	387.5
2016-01-24	BTC	403.05
2016-01-25	BTC	391.4
2016-01-26	BTC	391.54
2016-01-27	BTC	394.79
2016-01-28	BTC	379.61
2016-01-29	BTC	378.68
2016-01-30	BTC	378.46
2016-01-31	BTC	367.95
2016-02-01	BTC	371.33
2016-02-02	BTC	372.93
2016-02-03	BTC	368.87
2016-02-04	BTC	387.99
2016-02-05	BTC	384.5
2016-02-06	BTC	375.44
2016-02-07	BTC	377.49
2016-02-08	BTC	371.14
2016-02-09	BTC	372.68
2016-02-10	BTC	378.44
2016-02-11	BTC	378.23
2016-02-12	BTC	382.05
2016-02-13	BTC	391
2016-02-14	BTC	406.59
2016-02-15	BTC	398.95
2016-02-16	BTC	407.42
2016-02-17	BTC	415.2
2016-02-18	BTC	421.19
2016-02-19	BTC	420.72
2016-02-20	BTC	437.46
2016-02-21	BTC	438.56
2016-02-22	BTC	437.55
2016-02-23	BTC	419.97
2016-02-24	BTC	423.94
2016-02-25	BTC	423.54
2016-02-26	BTC	430.85
2016-02-27	BTC	433.12
2016-02-28	BTC	433.73
2016-02-29	BTC	436.44
2016-03-01	BTC	433.08
2016-03-02	BTC	420.39
2016-03-03	BTC	418.8
2016-03-04	BTC	407.35
2016-03-05	BTC	396.08
2016-03-06	BTC	403.24
2016-03-07	BTC	412.21
2016-03-08	BTC	411.18
2016-03-09	BTC	412.8
2016-03-10	BTC	415.98
2016-03-11	BTC	419.39
2016-03-12	BTC	410.58
2016-03-13	BTC	412.52
2016-03-14	BTC	415.02
2016-03-15	BTC	415.41
2016-03-16	BTC	416.07
2016-03-17	BTC	418.41
2016-03-18	BTC	409.65
2016-03-19	BTC	410.2
2016-03-20	BTC	411.27
2016-03-21	BTC	412
2016-03-22	BTC	416.66
2016-03-23	BTC	417.53
2016-03-24	BTC	412.95
2016-03-25	BTC	416.41
2016-03-26	BTC	416.97
2016-03-27	BTC	425.3
2016-03-28	BTC	423
2016-03-29	BTC	416.39
2016-03-30	BTC	412.79
2016-03-31	BTC	416.03
2016-04-01	BTC	417.68
2016-04-02	BTC	419.95
2016-04-03	BTC	420.16
2016-04-04	BTC	419.47
2016-04-05	BTC	422.36
2016-04-06	BTC	421.46
2016-04-07	BTC	421.99
2016-04-08	BTC	419.48
2016-04-09	BTC	419.46
2016-04-10	BTC	423.4
2016-04-11	BTC	423.94
2016-04-12	BTC	427.8
2016-04-13	BTC	425.58
2016-04-14	BTC	426.32
2016-04-15	BTC	430.93
2016-04-16	BTC	433.39
2016-04-17	BTC	431
2016-04-18	BTC	430.97
2016-04-19	BTC	437.06
2016-04-20	BTC	442.96
2016-04-21	BTC	452.25
2016-04-22	BTC	448.41
2016-04-23	BTC	455.69
2016-04-24	BTC	464.46
2016-04-25	BTC	466.17
2016-04-26	BTC	470.59
2016-04-27	BTC	445.31
2016-04-28	BTC	451.68
2016-04-29	BTC	458.82
2016-04-30	BTC	454.02
2016-05-01	BTC	456.98
2016-05-02	BTC	446.42
2016-05-03	BTC	452.21
2016-05-04	BTC	448.68
2016-05-05	BTC	449.98
2016-05-06	BTC	462.31
2016-05-07	BTC	461.91
2016-05-08	BTC	462.79
2016-05-09	BTC	464.16
2016-05-10	BTC	452.78
2016-05-11	BTC	454.37
2016-05-12	BTC	456.48
2016-05-13	BTC	457.98
2016-05-14	BTC	458.9
2016-05-15	BTC	461.47
2016-05-16	BTC	455.66
2016-05-17	BTC	454.19
2016-05-18	BTC	455.56
2016-05-19	BTC	438.38
2016-05-20	BTC	445.65
2016-05-21	BTC	446.28
2016-05-22	BTC	442.48
2016-05-23	BTC	445.67
2016-05-24	BTC	446.99
2016-05-25	BTC	451.49
2016-05-26	BTC	454.97
2016-05-27	BTC	471.27
2016-05-28	BTC	523.25
2016-05-29	BTC	525.22
2016-05-30	BTC	532.55
2016-05-31	BTC	531.34
2016-06-01	BTC	534.84
2016-06-02	BTC	537.87
2016-06-03	BTC	571.25
2016-06-04	BTC	576.31
2016-06-05	BTC	575.17
2016-06-06	BTC	586.77
2016-06-07	BTC	579.71
2016-06-08	BTC	583.21
2016-06-09	BTC	577.46
2016-06-10	BTC	580.31
2016-06-11	BTC	609.5
2016-06-12	BTC	677.86
2016-06-13	BTC	706.01
2016-06-14	BTC	684.95
2016-06-15	BTC	698.78
2016-06-16	BTC	769.76
2016-06-17	BTC	752.26
2016-06-18	BTC	758.99
2016-06-19	BTC	768.76
2016-06-20	BTC	703.12
2016-06-21	BTC	667.66
2016-06-22	BTC	604.5
2016-06-23	BTC	631.1
2016-06-24	BTC	669.98
2016-06-25	BTC	673.71
2016-06-26	BTC	638.56
2016-06-27	BTC	657.87
2016-06-28	BTC	648.43
2016-06-29	BTC	639.42
2016-06-30	BTC	673.49
2016-07-01	BTC	678.19
2016-07-02	BTC	704.95
2016-07-03	BTC	663.55
2016-07-04	BTC	681.98
2016-07-05	BTC	669.87
2016-07-06	BTC	678.79
2016-07-07	BTC	641.97
2016-07-08	BTC	667.33
2016-07-09	BTC	657.61
2016-07-10	BTC	652.44
2016-07-11	BTC	650.97
2016-07-12	BTC	666.56
2016-07-13	BTC	655.34
2016-07-14	BTC	661.65
2016-07-15	BTC	667.48
2016-07-16	BTC	666.32
2016-07-17	BTC	680
2016-07-18	BTC	675.5
2016-07-19	BTC	673.98
2016-07-20	BTC	666.92
2016-07-21	BTC	667.28
2016-07-22	BTC	654.67
2016-07-23	BTC	657.5
2016-07-24	BTC	661
2016-07-25	BTC	657.79
2016-07-26	BTC	654.06
2016-07-27	BTC	657.35
2016-07-28	BTC	657.4
2016-07-29	BTC	657
2016-07-30	BTC	655.87
2016-07-31	BTC	626.97
2016-08-01	BTC	605.2
2016-08-02	BTC	537.47
2016-08-03	BTC	573.36
2016-08-04	BTC	587.5
2016-08-05	BTC	583
2016-08-06	BTC	591.71
2016-08-07	BTC	595.14
2016-08-08	BTC	591.48
2016-08-09	BTC	586.45
2016-08-10	BTC	594.94
2016-08-11	BTC	587.91
2016-08-12	BTC	587.74
2016-08-13	BTC	586.45
2016-08-14	BTC	574.99
2016-08-15	BTC	567.79
2016-08-16	BTC	579.02
2016-08-17	BTC	574.45
2016-08-18	BTC	574.09
2016-08-19	BTC	573.67
2016-08-20	BTC	581.87
2016-08-21	BTC	581.29
2016-08-22	BTC	585.2
2016-08-23	BTC	582.39
2016-08-24	BTC	578.47
2016-08-25	BTC	575.58
2016-08-26	BTC	579.29
2016-08-27	BTC	570.84
2016-08-28	BTC	575.41
2016-08-29	BTC	573.21
2016-08-30	BTC	574.95
2016-08-31	BTC	572.89
2016-09-01	BTC	573.02
2016-09-02	BTC	576.21
2016-09-03	BTC	600.91
2016-09-04	BTC	611.92
2016-09-05	BTC	605.69
2016-09-06	BTC	612.99
2016-09-07	BTC	615.21
2016-09-08	BTC	627.97
2016-09-09	BTC	622.07
2016-09-10	BTC	623.74
2016-09-11	BTC	607.94
2016-09-12	BTC	606.74
2016-09-13	BTC	608.63
2016-09-14	BTC	608.43
2016-09-15	BTC	605.44
2016-09-16	BTC	607.93
2016-09-17	BTC	607.92
2016-09-18	BTC	611.4
2016-09-19	BTC	608.6
2016-09-20	BTC	605.6
2016-09-21	BTC	597
2016-09-22	BTC	596.21
2016-09-23	BTC	602.96
2016-09-24	BTC	603.68
2016-09-25	BTC	601.67
2016-09-26	BTC	607.08
2016-09-27	BTC	605.71
2016-09-28	BTC	605.04
2016-09-29	BTC	605.99
2016-09-30	BTC	608.99
2016-10-01	BTC	615.65
2016-10-02	BTC	612.4
2016-10-03	BTC	612.99
2016-10-04	BTC	610.34
2016-10-05	BTC	613.16
2016-10-06	BTC	611.88
2016-10-07	BTC	617.98
2016-10-08	BTC	619.5
2016-10-09	BTC	617.42
2016-10-10	BTC	618.72
2016-10-11	BTC	642.12
2016-10-12	BTC	635.79
2016-10-13	BTC	635.66
2016-10-14	BTC	638.03
2016-10-15	BTC	638.16
2016-10-16	BTC	641.92
2016-10-17	BTC	639.56
2016-10-18	BTC	635.11
2016-10-19	BTC	629.79
2016-10-20	BTC	628.05
2016-10-21	BTC	630.83
2016-10-22	BTC	652.75
2016-10-23	BTC	651.04
2016-10-24	BTC	649.98
2016-10-25	BTC	654.3
2016-10-26	BTC	674
2016-10-27	BTC	691.21
2016-10-28	BTC	689.95
2016-10-29	BTC	714.28
2016-10-30	BTC	697.41
2016-10-31	BTC	696.9
2016-11-01	BTC	730.7
2016-11-02	BTC	744.6
2016-11-03	BTC	690
2016-11-04	BTC	706.32
2016-11-05	BTC	706.99
2016-11-06	BTC	717.02
2016-11-07	BTC	706.42
2016-11-08	BTC	711.15
2016-11-09	BTC	720.97
2016-11-10	BTC	712.91
2016-11-11	BTC	716.9
2016-11-12	BTC	704.53
2016-11-13	BTC	704.01
2016-11-14	BTC	708.32
2016-11-15	BTC	712.29
2016-11-16	BTC	739.85
2016-11-17	BTC	730.71
2016-11-18	BTC	748.54
2016-11-19	BTC	750.77
2016-11-20	BTC	731.99
2016-11-21	BTC	736.4
2016-11-22	BTC	746.66
2016-11-23	BTC	741.52
2016-11-24	BTC	737.99
2016-11-25	BTC	739.74
2016-11-26	BTC	735.7
2016-11-27	BTC	729.24
2016-11-28	BTC	729.77
2016-11-29	BTC	732.37
2016-11-30	BTC	742.69
2016-12-01	BTC	754
2016-12-02	BTC	769.25
2016-12-03	BTC	766.98
2016-12-04	BTC	767.99
2016-12-05	BTC	752
2016-12-06	BTC	759.8
2016-12-07	BTC	764.34
2016-12-08	BTC	767.89
2016-12-09	BTC	773.22
2016-12-10	BTC	775.87
2016-12-11	BTC	771.05
2016-12-12	BTC	778.94
2016-12-13	BTC	776.18
2016-12-14	BTC	777.66
2016-12-15	BTC	776.16
2016-12-16	BTC	780.98
2016-12-17	BTC	788.57
2016-12-18	BTC	790.72
2016-12-19	BTC	790.81
2016-12-20	BTC	798.99
2016-12-21	BTC	834.5
2016-12-22	BTC	856.02
2016-12-23	BTC	917.26
2016-12-24	BTC	891.5
2016-12-25	BTC	896.12
2016-12-26	BTC	902.09
2016-12-27	BTC	925.2
2016-12-28	BTC	982.17
2016-12-29	BTC	970.72
2016-12-30	BTC	960.81
2016-12-31	BTC	973.37
2017-01-01	BTC	992.95
2017-01-02	BTC	1011.45
2017-01-03	BTC	1020.67
2017-01-04	BTC	1130.3
2017-01-05	BTC	1007
2017-01-06	BTC	895.71
2017-01-07	BTC	909
2017-01-08	BTC	923.33
2017-01-09	BTC	902.66
2017-01-10	BTC	907
2017-01-11	BTC	795.77
2017-01-12	BTC	812.25
2017-01-13	BTC	831.42
2017-01-14	BTC	828
2017-01-15	BTC	833.31
2017-01-16	BTC	834.41
2017-01-17	BTC	906
2017-01-18	BTC	887.99
2017-01-19	BTC	902.92
2017-01-20	BTC	894.31
2017-01-21	BTC	925.06
2017-01-22	BTC	931.22
2017-01-23	BTC	910.7
2017-01-24	BTC	887
2017-01-25	BTC	896
2017-01-26	BTC	917.02
2017-01-27	BTC	922.63
2017-01-28	BTC	924.98
2017-01-29	BTC	916.54
2017-01-30	BTC	923.23
2017-01-31	BTC	970.01
2017-02-01	BTC	992.75
2017-02-02	BTC	1008.38
2017-02-03	BTC	1018
2017-02-04	BTC	1035.54
2017-02-05	BTC	1016.32
2017-02-06	BTC	1022.58
2017-02-07	BTC	1053.96
2017-02-08	BTC	1056.7
2017-02-09	BTC	994.24
2017-02-10	BTC	1001.99
2017-02-11	BTC	1018.65
2017-02-12	BTC	1010
2017-02-13	BTC	1002.82
2017-02-14	BTC	1013.92
2017-02-15	BTC	1014.53
2017-02-16	BTC	1038.94
2017-02-17	BTC	1057.3
2017-02-18	BTC	1062.15
2017-02-19	BTC	1059.88
2017-02-20	BTC	1089.82
2017-02-21	BTC	1128.29
2017-02-22	BTC	1128.71
2017-02-23	BTC	1186.9
2017-02-24	BTC	1186.91
2017-02-25	BTC	1158
2017-02-26	BTC	1184.91
2017-02-27	BTC	1195.81
2017-02-28	BTC	1195.08
2017-03-01	BTC	1230
2017-03-02	BTC	1269.17
2017-03-03	BTC	1292.86
2017-03-04	BTC	1273.97
2017-03-05	BTC	1278.98
2017-03-06	BTC	1284.99
2017-03-07	BTC	1237.36
2017-03-08	BTC	1150.22
2017-03-09	BTC	1197.3
2017-03-10	BTC	1109.01
2017-03-11	BTC	1188.11
2017-03-12	BTC	1235.58
2017-03-13	BTC	1245.49
2017-03-14	BTC	1247.42
2017-03-15	BTC	1263
2017-03-16	BTC	1175.11
2017-03-17	BTC	1069.57
2017-03-18	BTC	970
2017-03-19	BTC	1019.49
2017-03-20	BTC	1044.96
2017-03-21	BTC	1114.42
2017-03-22	BTC	1034.57
2017-03-23	BTC	1025.14
2017-03-24	BTC	934.87
2017-03-25	BTC	963.72
2017-03-26	BTC	973.08
2017-03-27	BTC	1042.08
2017-03-28	BTC	1045.4
2017-03-29	BTC	1043.27
2017-03-30	BTC	1042.34
2017-03-31	BTC	1088.99
2017-04-01	BTC	1092
2017-04-02	BTC	1113.99
2017-04-03	BTC	1152.6
2017-04-04	BTC	1143.99
2017-04-05	BTC	1132.99
2017-04-06	BTC	1192.3
2017-04-07	BTC	1194
2017-04-08	BTC	1184.5
2017-04-09	BTC	1210.97
2017-04-10	BTC	1210
2017-04-11	BTC	1223.99
2017-04-12	BTC	1214.17
2017-04-13	BTC	1177.05
2017-04-14	BTC	1173.74
2017-04-15	BTC	1178.85
2017-04-16	BTC	1177.99
2017-04-17	BTC	1189.91
2017-04-18	BTC	1201.94
2017-04-19	BTC	1214.21
2017-04-20	BTC	1236.15
2017-04-21	BTC	1249.99
2017-04-22	BTC	1247
2017-04-23	BTC	1251.98
2017-04-24	BTC	1257.29
2017-04-25	BTC	1281.16
2017-04-26	BTC	1298.44
2017-04-27	BTC	1349.26
2017-04-28	BTC	1353.34
2017-04-29	BTC	1365.43
2017-04-30	BTC	1384.55
2017-05-01	BTC	1436.5
2017-05-02	BTC	1471.99
2017-05-03	BTC	1533
2017-05-04	BTC	1563.39
2017-05-05	BTC	1551.3
2017-05-06	BTC	1585.39
2017-05-07	BTC	1609.57
2017-05-08	BTC	1713
2017-05-09	BTC	1720.43
2017-05-10	BTC	1794.99
2017-05-11	BTC	1837.93
2017-05-12	BTC	1695.61
2017-05-13	BTC	1792.73
2017-05-14	BTC	1799.99
2017-05-15	BTC	1747.81
2017-05-16	BTC	1777.48
2017-05-17	BTC	1813.23
2017-05-18	BTC	1899.16
2017-05-19	BTC	1976.23
2017-05-20	BTC	2058.91
2017-05-21	BTC	2057
2017-05-22	BTC	2123.29
2017-05-23	BTC	2272.75
2017-05-24	BTC	2432.97
2017-05-25	BTC	2355
2017-05-26	BTC	2272.7
2017-05-27	BTC	2099.99
2017-05-28	BTC	2232.78
2017-05-29	BTC	2279.48
2017-05-30	BTC	2191.58
2017-05-31	BTC	2303.29
2017-06-01	BTC	2419.99
2017-06-02	BTC	2478.99
2017-06-03	BTC	2548.05
2017-06-04	BTC	2521.36
2017-06-05	BTC	2698
2017-06-06	BTC	2871.29
2017-06-07	BTC	2685.64
2017-06-08	BTC	2799.73
2017-06-09	BTC	2811.39
2017-06-10	BTC	2931.15
2017-06-11	BTC	2998.98
2017-06-12	BTC	2655.71
2017-06-13	BTC	2709.01
2017-06-14	BTC	2432.21
2017-06-15	BTC	2409.98
2017-06-16	BTC	2480.43
2017-06-17	BTC	2634.94
2017-06-18	BTC	2515.25
2017-06-19	BTC	2596.98
2017-06-20	BTC	2725.08
2017-06-21	BTC	2643.35
2017-06-22	BTC	2679.99
2017-06-23	BTC	2690.76
2017-06-24	BTC	2574.84
2017-06-25	BTC	2505.61
2017-06-26	BTC	2407.91
2017-06-27	BTC	2575.75
2017-06-28	BTC	2553.12
2017-06-29	BTC	2530
2017-06-30	BTC	2455.19
2017-07-01	BTC	2423.63
2017-07-02	BTC	2516.66
2017-07-03	BTC	2542.41
2017-07-04	BTC	2602
2017-07-05	BTC	2616.96
2017-07-06	BTC	2604.84
2017-07-07	BTC	2501.15
2017-07-08	BTC	2561.11
2017-07-09	BTC	2508.99
2017-07-10	BTC	2331.05
2017-07-11	BTC	2310.01
2017-07-12	BTC	2383.42
2017-07-13	BTC	2340
2017-07-14	BTC	2217.24
2017-07-15	BTC	1964.31
2017-07-16	BTC	1911.78
2017-07-17	BTC	2235.19
2017-07-18	BTC	2308.15
2017-07-19	BTC	2258.99
2017-07-20	BTC	2873.48
2017-07-21	BTC	2657.45
2017-07-22	BTC	2825.27
2017-07-23	BTC	2754.28
2017-07-24	BTC	2762.26
2017-07-25	BTC	2564
2017-07-26	BTC	2525.99
2017-07-27	BTC	2664.99
2017-07-28	BTC	2786.07
2017-07-29	BTC	2700.21
2017-07-30	BTC	2723.99
2017-07-31	BTC	2856.88
2017-08-01	BTC	2732.59
2017-08-02	BTC	2699.9
2017-08-03	BTC	2787.02
2017-08-04	BTC	2857.34
2017-08-05	BTC	3243.49
2017-08-06	BTC	3222.22
2017-08-07	BTC	3398.23
2017-08-08	BTC	3422.43
2017-08-09	BTC	3342.8
2017-08-10	BTC	3444.98
2017-08-11	BTC	3656.15
2017-08-12	BTC	3874
2017-08-13	BTC	4060.47
2017-08-14	BTC	4320.6
2017-08-15	BTC	4159.93
2017-08-16	BTC	4370.01
2017-08-17	BTC	4280.01
2017-08-18	BTC	4101.72
2017-08-19	BTC	4157.41
2017-08-20	BTC	4050.99
2017-08-21	BTC	4002
2017-08-22	BTC	4092
2017-08-23	BTC	4143.49
2017-08-24	BTC	4312.03
2017-08-25	BTC	4360
2017-08-26	BTC	4344.32
2017-08-27	BTC	4340.11
2017-08-28	BTC	4384.99
2017-08-29	BTC	4599
2017-08-30	BTC	4581.98
2017-08-31	BTC	4743.94
2017-09-01	BTC	4947.99
2017-09-02	BTC	4649.99
2017-09-03	BTC	4626.05
2017-09-04	BTC	4498.25
2017-09-05	BTC	4432.51
2017-09-06	BTC	4616.18
2017-09-07	BTC	4624.18
2017-09-08	BTC	4350
2017-09-09	BTC	4334.36
2017-09-10	BTC	4251.36
2017-09-11	BTC	4210.72
2017-09-12	BTC	4164.52
2017-09-13	BTC	3855.32
2017-09-14	BTC	3250.4
2017-09-15	BTC	3740.02
2017-09-16	BTC	3726.51
2017-09-17	BTC	3719.97
2017-09-18	BTC	4100
2017-09-19	BTC	3910.11
2017-09-20	BTC	3872.06
2017-09-21	BTC	3617.47
2017-09-22	BTC	3619.01
2017-09-23	BTC	3787.33
2017-09-24	BTC	3669.01
2017-09-25	BTC	3919.78
2017-09-26	BTC	3885.09
2017-09-27	BTC	4200
2017-09-28	BTC	4189.42
2017-09-29	BTC	4156.99
2017-09-30	BTC	4339
2017-10-01	BTC	4394.81
2017-10-02	BTC	4392.71
2017-10-03	BTC	4307.99
2017-10-04	BTC	4214.84
2017-10-05	BTC	4320.04
2017-10-06	BTC	4362.99
2017-10-07	BTC	4425
2017-10-08	BTC	4603.49
2017-10-09	BTC	4769.55
2017-10-10	BTC	4750
2017-10-11	BTC	4814.99
2017-10-12	BTC	5440
2017-10-13	BTC	5624.8
2017-10-14	BTC	5819.13
2017-10-15	BTC	5693.7
2017-10-16	BTC	5754.9
2017-10-17	BTC	5594
2017-10-18	BTC	5574.44
2017-10-19	BTC	5704.01
2017-10-20	BTC	5989.1
2017-10-21	BTC	6024.86
2017-10-22	BTC	6005.05
2017-10-23	BTC	5905.99
2017-10-24	BTC	5525.43
2017-10-25	BTC	5739.97
2017-10-26	BTC	5891.61
2017-10-27	BTC	5780
2017-10-28	BTC	5752.01
2017-10-29	BTC	6140.01
2017-10-30	BTC	6124.16
2017-10-31	BTC	6445.01
2017-11-01	BTC	6783.69
2017-11-02	BTC	7039.98
2017-11-03	BTC	7170.01
2017-11-04	BTC	7412.55
2017-11-05	BTC	7392
2017-11-06	BTC	6969.76
2017-11-07	BTC	7126.63
2017-11-08	BTC	7467.96
2017-11-09	BTC	7156
2017-11-10	BTC	6577.62
2017-11-11	BTC	6346.7
2017-11-12	BTC	5886.35
2017-11-13	BTC	6535.87
2017-11-14	BTC	6605
2017-11-15	BTC	7294
2017-11-16	BTC	7838.53
2017-11-17	BTC	7714.71
2017-11-18	BTC	7777.01
2017-11-19	BTC	8031.82
2017-11-20	BTC	8256.01
2017-11-21	BTC	8109
2017-11-22	BTC	8250
2017-11-23	BTC	8031.16
2017-11-24	BTC	8215.01
2017-11-25	BTC	8795.5
2017-11-26	BTC	9401.11
2017-11-27	BTC	9768.71
2017-11-28	BTC	9949
2017-11-29	BTC	9935.98
2017-11-30	BTC	9903
2017-12-01	BTC	10869.84
2017-12-02	BTC	10930.24
2017-12-03	BTC	11290
2017-12-04	BTC	11643.98
2017-12-05	BTC	11718.35
2017-12-06	BTC	14090
2017-12-07	BTC	17390.01
2017-12-08	BTC	16367.03
2017-12-09	BTC	15309.98
2017-12-10	BTC	15290.01
2017-12-11	BTC	16885.76
2017-12-12	BTC	17730.12
2017-12-13	BTC	16689.61
2017-12-14	BTC	16749.78
2017-12-15	BTC	17738.67
2017-12-16	BTC	19650.01
2017-12-17	BTC	19378.99
2017-12-18	BTC	19039.01
2017-12-19	BTC	17838.73
2017-12-20	BTC	16496.89
2017-12-21	BTC	15758.8
2017-12-22	BTC	14210.57
2017-12-23	BTC	15075.89
2017-12-24	BTC	14221.94
2017-12-25	BTC	14171.98
2017-12-26	BTC	15790.88
2017-12-27	BTC	15367.08
2017-12-28	BTC	14450.01
2017-12-29	BTC	14565.05
2017-12-30	BTC	12839.99
2017-12-31	BTC	13863.13
2018-01-01	BTC	13480.01
2018-01-02	BTC	14781.51
2018-01-03	BTC	15098.14
2018-01-04	BTC	15144.99
2018-01-05	BTC	16960.01
2018-01-06	BTC	17098.99
2018-01-07	BTC	16174.22
2018-01-08	BTC	14993.74
2018-01-09	BTC	14480.99
2018-01-10	BTC	14875.18
2018-01-11	BTC	13308.06
2018-01-12	BTC	13820
2018-01-13	BTC	14187.95
2018-01-14	BTC	13656.23
2018-01-15	BTC	13590
2018-01-16	BTC	11570.01
2018-01-17	BTC	11200.01
2018-01-18	BTC	11305.53
2018-01-19	BTC	11498.99
2018-01-20	BTC	12762.8
2018-01-21	BTC	11518.17
2018-01-22	BTC	10766.7
2018-01-23	BTC	10824.94
2018-01-24	BTC	11356.79
2018-01-25	BTC	11118
2018-01-26	BTC	11086.89
2018-01-27	BTC	11319
2018-01-28	BTC	11536
2018-01-29	BTC	11123.01
2018-01-30	BTC	9995
2018-01-31	BTC	10099.99
2018-02-01	BTC	9014.23
2018-02-02	BTC	8787.52
2018-02-03	BTC	9240
2018-02-04	BTC	8167.91
2018-02-05	BTC	6905.19
2018-02-06	BTC	7688.46
2018-02-07	BTC	7575.75
2018-02-08	BTC	8218.1
2018-02-09	BTC	8671.01
2018-02-10	BTC	8547.49
2018-02-11	BTC	8072.99
2018-02-12	BTC	8872.28
2018-02-13	BTC	8520.01
2018-02-14	BTC	9472.98
2018-02-15	BTC	10031.23
2018-02-16	BTC	10167.49
2018-02-17	BTC	11121.5
2018-02-18	BTC	10380.04
2018-02-19	BTC	11140
2018-02-20	BTC	11235.57
2018-02-21	BTC	10454.27
2018-02-22	BTC	9830
2018-02-23	BTC	10144.99
2018-02-24	BTC	9688.62
2018-02-25	BTC	9597.99
2018-02-26	BTC	10300
2018-02-27	BTC	10566.57
2018-02-28	BTC	10307.27
2018-03-01	BTC	10895.92
2018-03-02	BTC	11000
2018-03-03	BTC	11432.5
2018-03-04	BTC	11469.9
2018-03-05	BTC	11377.54
2018-03-06	BTC	10700
2018-03-07	BTC	9925
2018-03-08	BTC	9304.89
2018-03-09	BTC	9255
2018-03-10	BTC	8795.44
2018-03-11	BTC	9533.88
2018-03-12	BTC	9120
2018-03-13	BTC	9145.41
2018-03-14	BTC	8207.02
2018-03-15	BTC	8259.99
2018-03-16	BTC	8275
2018-03-17	BTC	7857.6
2018-03-18	BTC	8192
2018-03-19	BTC	8589
2018-03-20	BTC	8900
2018-03-21	BTC	8891.81
2018-03-22	BTC	8715.09
2018-03-23	BTC	8927.1
2018-03-24	BTC	8531.34
2018-03-25	BTC	8453
2018-03-26	BTC	8145
2018-03-27	BTC	7793.61
2018-03-28	BTC	7942.72
2018-03-29	BTC	7080
2018-03-30	BTC	6848.01
2018-03-31	BTC	6928.5
2018-04-01	BTC	6816.01
2018-04-02	BTC	7045.01
2018-04-03	BTC	7424.9
2018-04-04	BTC	6791.68
2018-04-05	BTC	6785.85
2018-04-06	BTC	6619.01
2018-04-07	BTC	6894.01
2018-04-08	BTC	7020.01
2018-04-09	BTC	6771.13
2018-04-10	BTC	6824.99
2018-04-11	BTC	6942.99
2018-04-12	BTC	7916
2018-04-13	BTC	7893.19
2018-04-14	BTC	8003.11
2018-04-15	BTC	8355.25
2018-04-16	BTC	8048.93
2018-04-17	BTC	7892.1
2018-04-18	BTC	8152.05
2018-04-19	BTC	8274
2018-04-20	BTC	8866.27
2018-04-21	BTC	8915.42
2018-04-22	BTC	8795.01
2018-04-23	BTC	8931.3
2018-04-24	BTC	9645.1
2018-04-25	BTC	8865.98
2018-04-26	BTC	9272.11
2018-04-27	BTC	8922.55
2018-04-28	BTC	9329.99
2018-04-29	BTC	9389.01
2018-04-30	BTC	9243.83
2018-05-01	BTC	9072.29
2018-05-02	BTC	9190.48
2018-05-03	BTC	9725.74
2018-05-04	BTC	9685
2018-05-05	BTC	9800
2018-05-06	BTC	9600
2018-05-07	BTC	9353
2018-05-08	BTC	9177.82
2018-05-09	BTC	9300.08
2018-05-10	BTC	9010.51
2018-05-11	BTC	8403.33
2018-05-12	BTC	8475
2018-05-13	BTC	8686.1
2018-05-14	BTC	8670
2018-05-15	BTC	8477.46
2018-05-16	BTC	8344
2018-05-17	BTC	8059
2018-05-18	BTC	8238.51
2018-05-19	BTC	8235.6
2018-05-20	BTC	8516.86
2018-05-21	BTC	8393.44
2018-05-22	BTC	7987.7
2018-05-23	BTC	7505
2018-05-24	BTC	7584.15
2018-05-25	BTC	7459.11
2018-05-26	BTC	7337.95
2018-05-27	BTC	7346.64
2018-05-28	BTC	7107.94
2018-05-29	BTC	7460
2018-05-30	BTC	7380.01
2018-05-31	BTC	7485
2018-06-01	BTC	7514.32
2018-06-02	BTC	7636.42
2018-06-03	BTC	7706.37
2018-06-04	BTC	7487.37
2018-06-05	BTC	7612.51
2018-06-06	BTC	7655
2018-06-07	BTC	7684.93
2018-06-08	BTC	7618.8
2018-06-09	BTC	7496.4
2018-06-10	BTC	6770.31
2018-06-11	BTC	6881
2018-06-12	BTC	6545
2018-06-13	BTC	6302.31
2018-06-14	BTC	6638.49
2018-06-15	BTC	6391.22
2018-06-16	BTC	6484.29
2018-06-17	BTC	6447.16
2018-06-18	BTC	6709.02
2018-06-19	BTC	6736.41
2018-06-20	BTC	6759.18
2018-06-21	BTC	6719.01
2018-06-22	BTC	6059.82
2018-06-23	BTC	6178.29
2018-06-24	BTC	6149.99
2018-06-25	BTC	6246.01
2018-06-26	BTC	6074
2018-06-27	BTC	6132.17
2018-06-28	BTC	5851.66
2018-06-29	BTC	6202.36
2018-06-30	BTC	6383.19
2018-07-01	BTC	6349.5
2018-07-02	BTC	6611.79
2018-07-03	BTC	6502.62
2018-07-04	BTC	6587.47
2018-07-05	BTC	6532.95
2018-07-06	BTC	6600
2018-07-07	BTC	6753.28
2018-07-08	BTC	6701.97
2018-07-09	BTC	6664.01
2018-07-10	BTC	6303.7
2018-07-11	BTC	6390.04
2018-07-12	BTC	6249.75
2018-07-13	BTC	6216.29
2018-07-14	BTC	6248.65
2018-07-15	BTC	6348.73
2018-07-16	BTC	6728.81
2018-07-17	BTC	7315.01
2018-07-18	BTC	7378.99
2018-07-19	BTC	7470.01
2018-07-20	BTC	7334.46
2018-07-21	BTC	7408
2018-07-22	BTC	7397.8
2018-07-23	BTC	7720.09
2018-07-24	BTC	8385.5
2018-07-25	BTC	8157.15
2018-07-26	BTC	7931.99
2018-07-27	BTC	8184.21
2018-07-28	BTC	8228.9
2018-07-29	BTC	8216.34
2018-07-30	BTC	8170.01
2018-07-31	BTC	7727.27
2018-08-01	BTC	7603.99
2018-08-02	BTC	7533.92
2018-08-03	BTC	7414.08
2018-08-04	BTC	7005
2018-08-05	BTC	7030.01
2018-08-06	BTC	6938
2018-08-07	BTC	6718.22
2018-08-08	BTC	6282.5
2018-08-09	BTC	6546.45
2018-08-10	BTC	6146.01
2018-08-11	BTC	6235.56
2018-08-12	BTC	6316.01
2018-08-13	BTC	6253.67
2018-08-14	BTC	6195.01
2018-08-15	BTC	6269.01
2018-08-16	BTC	6315.9
2018-08-17	BTC	6585.49
2018-08-18	BTC	6396.64
2018-08-19	BTC	6489.53
2018-08-20	BTC	6258.74
2018-08-21	BTC	6475.89
2018-08-22	BTC	6359.99
2018-08-23	BTC	6526.36
2018-08-24	BTC	6690.88
2018-08-25	BTC	6737.52
2018-08-26	BTC	6709.98
2018-08-27	BTC	6911.9
2018-08-28	BTC	7071.01
2018-08-29	BTC	7030.9
2018-08-30	BTC	6983
2018-08-31	BTC	7015.01
2018-09-01	BTC	7191.08
2018-09-02	BTC	7295
2018-09-03	BTC	7256.98
2018-09-04	BTC	7360
2018-09-05	BTC	6687.96
2018-09-06	BTC	6495
2018-09-07	BTC	6395.01
2018-09-08	BTC	6188
2018-09-09	BTC	6235.01
2018-09-10	BTC	6300
2018-09-11	BTC	6282.53
2018-09-12	BTC	6326
2018-09-13	BTC	6485.99
2018-09-14	BTC	6478.04
2018-09-15	BTC	6518.68
2018-09-16	BTC	6498
2018-09-17	BTC	6250.7
2018-09-18	BTC	6335.7
2018-09-19	BTC	6386.94
2018-09-20	BTC	6493.11
2018-09-21	BTC	6750
2018-09-22	BTC	6707.33
2018-09-23	BTC	6696.99
2018-09-24	BTC	6582.09
2018-09-25	BTC	6436.89
2018-09-26	BTC	6455.66
2018-09-27	BTC	6680.01
2018-09-28	BTC	6620.01
2018-09-29	BTC	6581
2018-09-30	BTC	6605
2018-10-01	BTC	6572.83
2018-10-02	BTC	6498.46
2018-10-03	BTC	6466.03
2018-10-04	BTC	6547.45
2018-10-05	BTC	6593.94
2018-10-06	BTC	6552.43
2018-10-07	BTC	6570
2018-10-08	BTC	6608.07
2018-10-09	BTC	6589.48
2018-10-10	BTC	6524.56
2018-10-11	BTC	6154.69
2018-10-12	BTC	6188.01
2018-10-13	BTC	6196
2018-10-14	BTC	6183.49
2018-10-15	BTC	6440.42
2018-10-16	BTC	6457.11
2018-10-17	BTC	6443.7
2018-10-18	BTC	6394.96
2018-10-19	BTC	6382.99
2018-10-20	BTC	6414
2018-10-21	BTC	6415.88
2018-10-22	BTC	6407.65
2018-10-23	BTC	6395.14
2018-10-24	BTC	6415.98
2018-10-25	BTC	6395.58
2018-10-26	BTC	6404.87
2018-10-27	BTC	6409.12
2018-10-28	BTC	6403.62
2018-10-29	BTC	6266
2018-10-30	BTC	6267.63
2018-10-31	BTC	6304.18
2018-11-01	BTC	6344
2018-11-02	BTC	6349.8
2018-11-03	BTC	6331.96
2018-11-04	BTC	6423.28
2018-11-05	BTC	6404
2018-11-06	BTC	6448.5
2018-11-07	BTC	6503.12
2018-11-08	BTC	6406.24
2018-11-09	BTC	6334.89
2018-11-10	BTC	6347.42
2018-11-11	BTC	6357.6
2018-11-12	BTC	6327.87
2018-11-13	BTC	6259.34
2018-11-14	BTC	5605.46
2018-11-15	BTC	5579.52
2018-11-16	BTC	5512.24
2018-11-17	BTC	5504.17
2018-11-18	BTC	5560
2018-11-19	BTC	4733.5
2018-11-20	BTC	4349.23
2018-11-21	BTC	4545.11
2018-11-22	BTC	4265.36
2018-11-23	BTC	4283.8
2018-11-24	BTC	3774.99
2018-11-25	BTC	3936.69
2018-11-26	BTC	3731.32
2018-11-27	BTC	3775
2018-11-28	BTC	4225.03
2018-11-29	BTC	4248
2018-11-30	BTC	3976
2018-12-01	BTC	4142.01
2018-12-02	BTC	4103.19
2018-12-03	BTC	3833.47
2018-12-04	BTC	3901.84
2018-12-05	BTC	3694.39
2018-12-06	BTC	3433.26
2018-12-07	BTC	3380.01
2018-12-08	BTC	3401
2018-12-09	BTC	3531.18
2018-12-10	BTC	3410.15
2018-12-11	BTC	3349.36
2018-12-12	BTC	3430.24
2018-12-13	BTC	3265
2018-12-14	BTC	3195.71
2018-12-15	BTC	3183
2018-12-16	BTC	3195
2018-12-17	BTC	3496.82
2018-12-18	BTC	3667.77
2018-12-19	BTC	3682.51
2018-12-20	BTC	4075.34
2018-12-21	BTC	3839.06
2018-12-22	BTC	3980.46
2018-12-23	BTC	3944.93
2018-12-24	BTC	4034
2018-12-25	BTC	3780
2018-12-26	BTC	3809.88
2018-12-27	BTC	3589.89
2018-12-28	BTC	3888.06
2018-12-29	BTC	3729.31
2018-12-30	BTC	3829
2018-12-31	BTC	3691.86
2019-01-01	BTC	3826.1
2019-01-02	BTC	3890.79
2019-01-03	BTC	3787.57
2019-01-04	BTC	3820.25
2019-01-05	BTC	3798.62
2019-01-06	BTC	4040.99
2019-01-07	BTC	4006.01
2019-01-08	BTC	3993.86
2019-01-09	BTC	4004.12
2019-01-10	BTC	3626.12
2019-01-11	BTC	3635.69
2019-01-12	BTC	3619.41
2019-01-13	BTC	3514.24
2019-01-14	BTC	3664.19
2019-01-15	BTC	3580.76
2019-01-16	BTC	3609.71
2019-01-17	BTC	3640.65
2019-01-18	BTC	3607.85
2019-01-19	BTC	3682.65
2019-01-20	BTC	3536.19
2019-01-21	BTC	3531.76
2019-01-22	BTC	3577.03
2019-01-23	BTC	3553.01
2019-01-24	BTC	3568.97
2019-01-25	BTC	3562.17
2019-01-26	BTC	3556.07
2019-01-27	BTC	3531.02
2019-01-28	BTC	3429.95
2019-01-29	BTC	3397.42
2019-01-30	BTC	3437.55
2019-01-31	BTC	3411.5
2019-02-01	BTC	3437.5
2019-02-02	BTC	3468.43
2019-02-03	BTC	3414.78
2019-02-04	BTC	3409.57
2019-02-05	BTC	3428.4
2019-02-06	BTC	3367.36
2019-02-07	BTC	3359
2019-02-08	BTC	3621.99
2019-02-09	BTC	3623.73
2019-02-10	BTC	3648.84
2019-02-11	BTC	3590.36
2019-02-12	BTC	3588.06
2019-02-13	BTC	3576.68
2019-02-14	BTC	3561.5
2019-02-15	BTC	3566.59
2019-02-16	BTC	3582.37
2019-02-17	BTC	3625.08
2019-02-18	BTC	3867
2019-02-19	BTC	3888.01
2019-02-20	BTC	3938.99
2019-02-21	BTC	3897.71
2019-02-22	BTC	3942.02
2019-02-23	BTC	4110
2019-02-24	BTC	3734.22
2019-02-25	BTC	3818.79
2019-02-26	BTC	3799.48
2019-02-27	BTC	3799.91
2019-02-28	BTC	3792.14
2019-03-01	BTC	3806.17
2019-03-02	BTC	3809.7
2019-03-03	BTC	3786.93
2019-03-04	BTC	3700.72
2019-03-05	BTC	3844.59
2019-03-06	BTC	3851.89
2019-03-07	BTC	3857.05
2019-03-08	BTC	3843.12
2019-03-09	BTC	3917
2019-03-10	BTC	3900.92
2019-03-11	BTC	3849.68
2019-03-12	BTC	3860
2019-03-13	BTC	3851.02
2019-03-14	BTC	3853.95
2019-03-15	BTC	3902.8
2019-03-16	BTC	3990
2019-03-17	BTC	3967.01
2019-03-18	BTC	3970.5
2019-03-19	BTC	4000.85
2019-03-20	BTC	4033
2019-03-21	BTC	3972.76
2019-03-22	BTC	3983.78
2019-03-23	BTC	3983.43
2019-03-24	BTC	3969.52
2019-03-25	BTC	3908.01
2019-03-26	BTC	3922.42
2019-03-27	BTC	4026.53
2019-03-28	BTC	4011.17
2019-03-29	BTC	4091.01
2019-03-30	BTC	4094.14
2019-03-31	BTC	4095
2019-04-01	BTC	4137.01
2019-04-02	BTC	4901.93
2019-04-03	BTC	4975.07
2019-04-04	BTC	4906.49
2019-04-05	BTC	5040.66
2019-04-06	BTC	5049.22
2019-04-07	BTC	5190.2
2019-04-08	BTC	5285.54
2019-04-09	BTC	5193.49
2019-04-10	BTC	5320.81
2019-04-11	BTC	5041.32
2019-04-12	BTC	5078.18
2019-04-13	BTC	5066.22
2019-04-14	BTC	5164
2019-04-15	BTC	5029.99
2019-04-16	BTC	5204.92
2019-04-17	BTC	5227
2019-04-18	BTC	5282.32
2019-04-19	BTC	5290.36
2019-04-20	BTC	5319.89
2019-04-21	BTC	5297.64
2019-04-22	BTC	5387.6
2019-04-23	BTC	5532.85
2019-04-24	BTC	5443.14
2019-04-25	BTC	5125.3
2019-04-26	BTC	5159.51
2019-04-27	BTC	5170.6
2019-04-28	BTC	5155
2019-04-29	BTC	5148.25
2019-04-30	BTC	5267.43
2019-05-01	BTC	5321.15
2019-05-02	BTC	5390.01
2019-05-03	BTC	5657.4
2019-05-04	BTC	5770.01
2019-05-05	BTC	5715.86
2019-05-06	BTC	5687.9
2019-05-07	BTC	5743.3
2019-05-08	BTC	5943.6
2019-05-09	BTC	6153.09
2019-05-10	BTC	6343.14
2019-05-11	BTC	7223.21
2019-05-12	BTC	6979.76
2019-05-13	BTC	7825.41
2019-05-14	BTC	7990.92
2019-05-15	BTC	8204.24
2019-05-16	BTC	7878.96
2019-05-17	BTC	7361.1
2019-05-18	BTC	7262.4
2019-05-19	BTC	8196.59
2019-05-20	BTC	7999.54
2019-05-21	BTC	7951.7
2019-05-22	BTC	7626.48
2019-05-23	BTC	7881.98
2019-05-24	BTC	8002.21
2019-05-25	BTC	8063.81
2019-05-26	BTC	8731.96
2019-05-27	BTC	8768.62
2019-05-28	BTC	8715.36
2019-05-29	BTC	8662.44
2019-05-30	BTC	8279.69
2019-05-31	BTC	8566.04
2019-06-01	BTC	8558.95
2019-06-02	BTC	8736.54
2019-06-03	BTC	8107.96
2019-06-04	BTC	7670.96
2019-06-05	BTC	7789.48
2019-06-06	BTC	7802.57
2019-06-07	BTC	7998.13
2019-06-08	BTC	7930.14
2019-06-09	BTC	7635.06
2019-06-10	BTC	8015.69
2019-06-11	BTC	7918.17
2019-06-12	BTC	8176.02
2019-06-13	BTC	8239.04
2019-06-14	BTC	8697.45
2019-06-15	BTC	8860.23
2019-06-16	BTC	8978.66
2019-06-17	BTC	9331.75
2019-06-18	BTC	9071.95
2019-06-19	BTC	9277.29
2019-06-20	BTC	9531.21
2019-06-21	BTC	10220
2019-06-22	BTC	10666.8
2019-06-23	BTC	10833
2019-06-24	BTC	11032.3
2019-06-25	BTC	11755.5
2019-06-26	BTC	12927.4
2019-06-27	BTC	11159.2
2019-06-28	BTC	12360.4
2019-06-29	BTC	11865.2
2019-06-30	BTC	10760.1
2019-07-01	BTC	10577.6
2019-07-02	BTC	10829.1
2019-07-03	BTC	11976
2019-07-04	BTC	11137.8
2019-07-05	BTC	11004.5
2019-07-06	BTC	11237.7
2019-07-07	BTC	11474.4
2019-07-08	BTC	12293.5
2019-07-09	BTC	12561
2019-07-10	BTC	12097.9
2019-07-11	BTC	11349
2019-07-12	BTC	11802
2019-07-13	BTC	11370.1
2019-07-14	BTC	10195.6
2019-07-15	BTC	10854.4
2019-07-16	BTC	9422.71
2019-07-17	BTC	9696.31
2019-07-18	BTC	10651.4
2019-07-19	BTC	10518.5
2019-07-20	BTC	10761
2019-07-21	BTC	10590.7
2019-07-22	BTC	10323.3
2019-07-23	BTC	9840.12
2019-07-24	BTC	9767.87
2019-07-25	BTC	9883.34
2019-07-26	BTC	9843
2019-07-27	BTC	9479.98
2019-07-28	BTC	9532.99
2019-07-29	BTC	9495
2019-07-30	BTC	9589.01
2019-07-31	BTC	10086.3
2019-08-01	BTC	10405.9
2019-08-02	BTC	10533
2019-08-03	BTC	10820.7
2019-08-04	BTC	10977.5
2019-08-05	BTC	11819.4
2019-08-06	BTC	11465.4
2019-08-07	BTC	11983.7
2019-08-08	BTC	11982.4
2019-08-09	BTC	11856.1
2019-08-10	BTC	11280.9
2019-08-11	BTC	11540.7
2019-08-12	BTC	11389.3
2019-08-13	BTC	10868.5
2019-08-14	BTC	9971.71
2019-08-15	BTC	10300
2019-08-16	BTC	10352.7
2019-08-17	BTC	10215.2
2019-08-18	BTC	10315.4
2019-08-19	BTC	10920
2019-08-20	BTC	10769
2019-08-21	BTC	10130
2019-08-22	BTC	10107.1
2019-08-23	BTC	10410.8
2019-08-24	BTC	10147.9
2019-08-25	BTC	10140.9
2019-08-26	BTC	10361.6
2019-08-27	BTC	10171.8
2019-08-28	BTC	9714.31
2019-08-29	BTC	9495
2019-08-30	BTC	9582.42
2019-08-31	BTC	9600.86
2019-09-01	BTC	9766.52
2019-09-02	BTC	10381.2
2019-09-03	BTC	10628.4
2019-09-04	BTC	10582.2
2019-09-05	BTC	10574.7
2019-09-06	BTC	10306.9
2019-09-07	BTC	10484.3
2019-09-08	BTC	10398.9
2019-09-09	BTC	10310
2019-09-10	BTC	10084.1
2019-09-11	BTC	10160.2
2019-09-12	BTC	10423.7
2019-09-13	BTC	10367.4
2019-09-14	BTC	10360.2
2019-09-15	BTC	10304.4
2019-09-16	BTC	10262.5
2019-09-17	BTC	10185.3
2019-09-18	BTC	10155.2
2019-09-19	BTC	10287.7
2019-09-20	BTC	10168.8
2019-09-21	BTC	9975.12
2019-09-22	BTC	10026.8
2019-09-23	BTC	9693.75
2019-09-24	BTC	8530.01
2019-09-25	BTC	8438.35
2019-09-26	BTC	8068.2
2019-09-27	BTC	8193.99
2019-09-28	BTC	8217.46
2019-09-29	BTC	8052.4
2019-09-30	BTC	8304.95
2019-10-01	BTC	8322.73
2019-10-02	BTC	8381.71
2019-10-03	BTC	8240.41
2019-10-04	BTC	8156.67
2019-10-05	BTC	8147.63
2019-10-06	BTC	7859.79
2019-10-07	BTC	8209
2019-10-08	BTC	8180
2019-10-09	BTC	8590.01
2019-10-10	BTC	8587.5
2019-10-11	BTC	8267.33
2019-10-12	BTC	8309.03
2019-10-13	BTC	8282.96
2019-10-14	BTC	8355
2019-10-15	BTC	8162.44
2019-10-16	BTC	7993.54
2019-10-17	BTC	8076.2
2019-10-18	BTC	7954.16
2019-10-19	BTC	7965.28
2019-10-20	BTC	8236.04
2019-10-21	BTC	8209.92
2019-10-22	BTC	8024.72
2019-10-23	BTC	7474.85
2019-10-24	BTC	7430.87
2019-10-25	BTC	8668
2019-10-26	BTC	9259.78
2019-10-27	BTC	9548.84
2019-10-28	BTC	9219.94
2019-10-29	BTC	9430.79
2019-10-30	BTC	9164.45
2019-10-31	BTC	9159.48
2019-11-01	BTC	9253.12
2019-11-02	BTC	9308.51
2019-11-03	BTC	9206.52
2019-11-04	BTC	9412.53
2019-11-05	BTC	9309
2019-11-06	BTC	9341.27
2019-11-07	BTC	9205.76
2019-11-08	BTC	8763.01
2019-11-09	BTC	8810.76
2019-11-10	BTC	9038.2
2019-11-11	BTC	8721.54
2019-11-12	BTC	8795.77
2019-11-13	BTC	8758.34
2019-11-14	BTC	8635.01
2019-11-15	BTC	8457.48
2019-11-16	BTC	8480.79
2019-11-17	BTC	8500.01
2019-11-18	BTC	8168.84
2019-11-19	BTC	8123.36
2019-11-20	BTC	8082.96
2019-11-21	BTC	7616.46
2019-11-22	BTC	7298.18
2019-11-23	BTC	7330.98
2019-11-24	BTC	6908.64
2019-11-25	BTC	7127.01
2019-11-26	BTC	7172.15
2019-11-27	BTC	7523.72
2019-11-28	BTC	7432.12
2019-11-29	BTC	7760
2019-11-30	BTC	7551.99
2019-12-01	BTC	7404.27
2019-12-02	BTC	7305
2019-12-03	BTC	7298.2
2019-12-04	BTC	7213.61
2019-12-05	BTC	7394.99
2019-12-06	BTC	7540.87
2019-12-07	BTC	7500.03
2019-12-08	BTC	7529.21
2019-12-09	BTC	7341.49
2019-12-10	BTC	7226.98
2019-12-11	BTC	7194.13
2019-12-12	BTC	7189.41
2019-12-13	BTC	7248.23
2019-12-14	BTC	7071.01
2019-12-15	BTC	7112.63
2019-12-16	BTC	6884.75
2019-12-17	BTC	6615.8
2019-12-18	BTC	7294.81
2019-12-19	BTC	7150.01
2019-12-20	BTC	7182.77
2019-12-21	BTC	7143.01
2019-12-22	BTC	7515.3
2019-12-23	BTC	7323.21
2019-12-24	BTC	7232.76
2019-12-25	BTC	7195.81
2019-12-26	BTC	7195.96
2019-12-27	BTC	7240.4
2019-12-28	BTC	7300.42
2019-12-29	BTC	7389
2019-12-30	BTC	7220
2019-12-31	BTC	7177.36
2020-01-01	BTC	7177.57
2020-01-02	BTC	6946.33
2020-01-03	BTC	7308.09
2020-01-04	BTC	7347.49
2020-01-05	BTC	7342.49
2020-01-06	BTC	7770.88
2020-01-07	BTC	8168.44
2020-01-08	BTC	8045.51
2020-01-09	BTC	7813.78
2020-01-10	BTC	8170.27
2020-01-11	BTC	8021.84
2020-01-12	BTC	8165.21
2020-01-13	BTC	8104.5
2020-01-14	BTC	8822.71
2020-01-15	BTC	8808.81
2020-01-16	BTC	8714.76
2020-01-17	BTC	8899.42
2020-01-18	BTC	8909.32
2020-01-19	BTC	8697.53
2020-01-20	BTC	8619.52
2020-01-21	BTC	8722.03
2020-01-22	BTC	8653.84
2020-01-23	BTC	8385.21
2020-01-24	BTC	8427.26
2020-01-25	BTC	8326.81
2020-01-26	BTC	8595
2020-01-27	BTC	8895.95
2020-01-28	BTC	9394.5
2020-01-29	BTC	9290.62
2020-01-30	BTC	9503.08
2020-01-31	BTC	9334.98
2020-02-01	BTC	9382.65
2020-02-02	BTC	9323.5
2020-02-03	BTC	9290.23
2020-02-04	BTC	9164.33
2020-02-05	BTC	9613.82
2020-02-06	BTC	9763.01
2020-02-07	BTC	9808.04
2020-02-08	BTC	9905.64
2020-02-09	BTC	10168.8
2020-02-10	BTC	9851.78
2020-02-11	BTC	10270
2020-02-12	BTC	10351.1
2020-02-13	BTC	10236.4
2020-02-14	BTC	10371.3
2020-02-15	BTC	9911.21
2020-02-16	BTC	9921
2020-02-17	BTC	9700
2020-02-18	BTC	10188
2020-02-19	BTC	9600.08
2020-02-20	BTC	9622.89
2020-02-21	BTC	9700.35
2020-02-22	BTC	9668.23
2020-02-23	BTC	9966
2020-02-24	BTC	9660
2020-02-25	BTC	9304.99
2020-02-26	BTC	8778.29
2020-02-27	BTC	8812.49
2020-02-28	BTC	8708.89
2020-02-29	BTC	8556.58
2020-03-01	BTC	8522.33
2020-03-02	BTC	8915
2020-03-03	BTC	8757.84
2020-03-04	BTC	8760.66
2020-03-05	BTC	9060.93
2020-03-06	BTC	9145.77
2020-03-07	BTC	8901.37
2020-03-08	BTC	8033.54
2020-03-09	BTC	7934.52
2020-03-10	BTC	7884.87
2020-03-11	BTC	7938.05
2020-03-12	BTC	4857.1
2020-03-13	BTC	5637.6
2020-03-14	BTC	5165.25
2020-03-15	BTC	5342.64
2020-03-16	BTC	5024
2020-03-17	BTC	5331.72
2020-03-18	BTC	5413.64
2020-03-19	BTC	6186.95
2020-03-20	BTC	6201.61
2020-03-21	BTC	6198.78
2020-03-22	BTC	5834.78
2020-03-23	BTC	6499.12
2020-03-24	BTC	6766.65
2020-03-25	BTC	6690
2020-03-26	BTC	6759.85
2020-03-27	BTC	6372.36
2020-03-28	BTC	6251.82
2020-03-29	BTC	5902.05
2020-03-30	BTC	6406.4
2020-03-31	BTC	6445.67
2020-04-01	BTC	6664.85
2020-04-02	BTC	6805.12
2020-04-03	BTC	6741.99
2020-04-04	BTC	6874.77
2020-04-05	BTC	6794.49
2020-04-06	BTC	7341.56
2020-04-07	BTC	7209.62
2020-04-08	BTC	7370.11
2020-04-09	BTC	7293.24
2020-04-10	BTC	6871.91
2020-04-11	BTC	6889.65
2020-04-12	BTC	6908.13
2020-04-13	BTC	6861.21
2020-04-14	BTC	6877.37
2020-04-15	BTC	6624.12
2020-04-16	BTC	7112.78
2020-04-17	BTC	7036.25
2020-04-18	BTC	7254.33
2020-04-19	BTC	7130.71
2020-04-20	BTC	6838.19
2020-04-21	BTC	6853.68
2020-04-22	BTC	7136.84
2020-04-23	BTC	7472.45
2020-04-24	BTC	7508.67
2020-04-25	BTC	7543.29
2020-04-26	BTC	7692.05
2020-04-27	BTC	7785.73
2020-04-28	BTC	7758.4
2020-04-29	BTC	8780.01
2020-04-30	BTC	8624.28
2020-05-01	BTC	8829.42
2020-05-02	BTC	8985
2020-05-03	BTC	8905.49
2020-05-04	BTC	8883.53
2020-05-05	BTC	8989.4
2020-05-06	BTC	9157.11
2020-05-07	BTC	10000
2020-05-08	BTC	9810
2020-05-09	BTC	9558.85
2020-05-10	BTC	8741.86
2020-05-11	BTC	8601.4
2020-05-12	BTC	8796.25
2020-05-13	BTC	9318.04
2020-05-14	BTC	9799.12
2020-05-15	BTC	9312.1
2020-05-16	BTC	9383.16
2020-05-17	BTC	9666.27
2020-05-18	BTC	9728.52
2020-05-19	BTC	9776.57
2020-05-20	BTC	9516
2020-05-21	BTC	9058.71
2020-05-22	BTC	9168.84
2020-05-23	BTC	9177.95
2020-05-24	BTC	8714.4
2020-05-25	BTC	8899.31
2020-05-26	BTC	8844.42
2020-05-27	BTC	9208.53
2020-05-28	BTC	9561.26
2020-05-29	BTC	9427.01
2020-05-30	BTC	9689.12
2020-05-31	BTC	9446.57
2020-06-01	BTC	10210.1
2020-06-02	BTC	9522.45
2020-06-03	BTC	9655.62
2020-06-04	BTC	9788.03
2020-06-05	BTC	9624.99
2020-06-06	BTC	9660.75
2020-06-07	BTC	9744.14
2020-06-08	BTC	9783.37
2020-06-09	BTC	9763.79
2020-06-10	BTC	9896.56
2020-06-11	BTC	9268.16
2020-06-12	BTC	9454
2020-06-13	BTC	9475
2020-06-14	BTC	9333.45
2020-06-15	BTC	9427.86
2020-06-16	BTC	9526.25
2020-06-17	BTC	9457.51
2020-06-18	BTC	9382.01
2020-06-19	BTC	9279.4
2020-06-20	BTC	9355.74
2020-06-21	BTC	9286.14
2020-06-22	BTC	9697.17
2020-06-23	BTC	9623.56
2020-06-24	BTC	9274.04
2020-06-25	BTC	9244.77
2020-06-26	BTC	9155
2020-06-27	BTC	9002.51
2020-06-28	BTC	9124.04
2020-06-29	BTC	9184.45
2020-06-30	BTC	9136.2
2020-07-01	BTC	9239.96
2020-07-02	BTC	9091.53
2020-07-03	BTC	9063.87
2020-07-04	BTC	9134.23
2020-07-05	BTC	9073.49
2020-07-06	BTC	9343.18
2020-07-07	BTC	9253.94
2020-07-08	BTC	9435.28
2020-07-09	BTC	9237.32
2020-07-10	BTC	9289.81
2020-07-11	BTC	9235.21
2020-07-12	BTC	9292.6
2020-07-13	BTC	9242.31
2020-07-14	BTC	9256.94
2020-07-15	BTC	9190.16
2020-07-16	BTC	9130.11
2020-07-17	BTC	9152.64
2020-07-18	BTC	9175.85
2020-07-19	BTC	9214.74
2020-07-20	BTC	9163.75
2020-07-21	BTC	9392.79
2020-07-22	BTC	9535.99
2020-07-23	BTC	9613.24
2020-07-24	BTC	9543.79
2020-07-25	BTC	9696.19
2020-07-26	BTC	9941
2020-07-27	BTC	11020
2020-07-28	BTC	10923.9
2020-07-29	BTC	11098.8
2020-07-30	BTC	11119.6
2020-07-31	BTC	11342.5
2020-08-01	BTC	11810
2020-08-02	BTC	11068.5
2020-08-03	BTC	11252.4
2020-08-04	BTC	11197
2020-08-05	BTC	11756.7
2020-08-06	BTC	11773.8
2020-08-07	BTC	11606.5
2020-08-08	BTC	11774.9
2020-08-09	BTC	11688.4
2020-08-10	BTC	11876.2
2020-08-11	BTC	11388.9
2020-08-12	BTC	11571.6
2020-08-13	BTC	11788.4
2020-08-14	BTC	11767.5
2020-08-15	BTC	11859.2
2020-08-16	BTC	11907.7
2020-08-17	BTC	12305.5
2020-08-18	BTC	11950
2020-08-19	BTC	11747.7
2020-08-20	BTC	11864.2
2020-08-21	BTC	11507.2
2020-08-22	BTC	11684.5
2020-08-23	BTC	11650
2020-08-24	BTC	11753.8
2020-08-25	BTC	11324.9
2020-08-26	BTC	11463.2
2020-08-27	BTC	11329.1
2020-08-28	BTC	11535
2020-08-29	BTC	11474.3
2020-08-30	BTC	11716
2020-08-31	BTC	11655
2020-09-01	BTC	11929.8
2020-09-02	BTC	11405.6
2020-09-03	BTC	10264.1
2020-09-04	BTC	10483.5
2020-09-05	BTC	10168.3
2020-09-06	BTC	10257.8
2020-09-07	BTC	10375
2020-09-08	BTC	10125.6
2020-09-09	BTC	10216.4
2020-09-10	BTC	10344.2
2020-09-11	BTC	10383.9
2020-09-12	BTC	10445.2
2020-09-13	BTC	10323.3
2020-09-14	BTC	10671.4
2020-09-15	BTC	10783.7
2020-09-16	BTC	10959.6
2020-09-17	BTC	10943.6
2020-09-18	BTC	10937.5
2020-09-19	BTC	11080
2020-09-20	BTC	10920.8
2020-09-21	BTC	10414.4
2020-09-22	BTC	10532.8
2020-09-23	BTC	10235.1
2020-09-24	BTC	10740
2020-09-25	BTC	10690.5
2020-09-26	BTC	10735.6
2020-09-27	BTC	10770
2020-09-28	BTC	10695.5
2020-09-29	BTC	10840.4
2020-09-30	BTC	10779.6
2020-10-01	BTC	10612.4
2020-10-02	BTC	10573.1
2020-10-03	BTC	10551.6
2020-10-04	BTC	10671.1
2020-10-05	BTC	10795
2020-10-06	BTC	10606.1
2020-10-07	BTC	10670.4
2020-10-08	BTC	10906.3
2020-10-09	BTC	11067
2020-10-10	BTC	11302.9
2020-10-11	BTC	11381.7
2020-10-12	BTC	11535.4
2020-10-13	BTC	11429.9
2020-10-14	BTC	11427.7
2020-10-15	BTC	11500.1
2020-10-16	BTC	11328.9
2020-10-17	BTC	11367.8
2020-10-18	BTC	11514.2
2020-10-19	BTC	11760.4
2020-10-20	BTC	11923.8
2020-10-21	BTC	12844.4
2020-10-22	BTC	12986.8
2020-10-23	BTC	12937
2020-10-24	BTC	13128.3
2020-10-25	BTC	13041.6
2020-10-26	BTC	13085.1
2020-10-27	BTC	13793.7
2020-10-28	BTC	13285.8
2020-10-29	BTC	13456.5
2020-10-30	BTC	13571.2
2020-10-31	BTC	13803.2
2020-11-01	BTC	13748
2020-11-02	BTC	13562.7
2020-11-03	BTC	14035.8
2020-11-04	BTC	14161.4
2020-11-05	BTC	15608.2
2020-11-06	BTC	15599.9
2020-11-07	BTC	14834
2020-11-08	BTC	15502.9
2020-11-09	BTC	15317.6
2020-11-10	BTC	15315
2020-11-11	BTC	15701.3
2020-11-12	BTC	16276.6
2020-11-13	BTC	16333.8
2020-11-14	BTC	16082
2020-11-15	BTC	15979.5
2020-11-16	BTC	16743
2020-11-17	BTC	17686.6
2020-11-18	BTC	17845.5
2020-11-19	BTC	17842
2020-11-20	BTC	18656
2020-11-21	BTC	18718.8
2020-11-22	BTC	18426.2
2020-11-23	BTC	18398.9
2020-11-24	BTC	19129.3
2020-11-25	BTC	18769.4
2020-11-26	BTC	17076
2020-11-27	BTC	17153.9
2020-11-28	BTC	17723.5
2020-11-29	BTC	18190
2020-11-30	BTC	19684
2020-12-01	BTC	18870.8
2020-12-02	BTC	19204.6
2020-12-03	BTC	19465.1
2020-12-04	BTC	18739.5
2020-12-05	BTC	19135.9
2020-12-06	BTC	19348.4
2020-12-07	BTC	19202.1
2020-12-08	BTC	18319.7
2020-12-09	BTC	18559.9
2020-12-10	BTC	18279
2020-12-11	BTC	18056.7
2020-12-12	BTC	18811.5
2020-12-13	BTC	19168.5
2020-12-14	BTC	19272.3
2020-12-15	BTC	19452.5
2020-12-16	BTC	21359.6
2020-12-17	BTC	22826.4
2020-12-18	BTC	23140.3
2020-12-19	BTC	23874.5
2020-12-20	BTC	23530
2020-12-21	BTC	22729.4
2020-12-22	BTC	23825.9
2020-12-23	BTC	23224.3
2020-12-24	BTC	23719.4
2020-12-25	BTC	24703.3
2020-12-26	BTC	26475.3
2020-12-27	BTC	26258.6
2020-12-28	BTC	27038
2020-12-29	BTC	27394.4
2020-12-30	BTC	28897.4
2020-12-31	BTC	28990
2021-01-01	BTC	29388.3
2021-01-02	BTC	32149.9
2021-01-03	BTC	33086.2
2021-01-04	BTC	32023.9
2021-01-05	BTC	34085.6
2021-01-06	BTC	36825
2021-01-07	BTC	39505.5
2021-01-08	BTC	40675.8
2021-01-09	BTC	40257.4
2021-01-10	BTC	38171.5
2021-01-11	BTC	35481.7
2021-01-12	BTC	34039
2021-01-13	BTC	37369
2021-01-14	BTC	39133.1
2021-01-15	BTC	36760
2021-01-16	BTC	36200.6
2021-01-17	BTC	35824.3
2021-01-18	BTC	36700
2021-01-19	BTC	35922.7
2021-01-20	BTC	35497.3
2021-01-21	BTC	30854.7
2021-01-22	BTC	32983.5
2021-01-23	BTC	32114.2
2021-01-24	BTC	32288.5
2021-01-25	BTC	32277.4
2021-01-26	BTC	32597.3
2021-01-27	BTC	30417.7
2021-01-28	BTC	33488.8
2021-01-29	BTC	34190.5
2021-01-30	BTC	34361.5
2021-01-31	BTC	33224.6
2021-02-01	BTC	33533.1
2021-02-02	BTC	35512.6
2021-02-03	BTC	37552.5
2021-02-04	BTC	37000.2
2021-02-05	BTC	38311.4
2021-02-06	BTC	39267.8
2021-02-07	BTC	38871.4
2021-02-08	BTC	46375.9
2021-02-09	BTC	46517.4
2021-02-10	BTC	44850
2021-02-11	BTC	47997.9
2021-02-12	BTC	47431.2
2021-02-13	BTC	47239.8
2021-02-14	BTC	48680.6
2021-02-15	BTC	47936.3
2021-02-16	BTC	49158.7
2021-02-17	BTC	52173.5
2021-02-18	BTC	51601.7
2021-02-19	BTC	55971.5
2021-02-20	BTC	56104.9
2021-02-21	BTC	57489.1
2021-02-22	BTC	54141.9
2021-02-23	BTC	48899.9
2021-02-24	BTC	49737.8
2021-02-25	BTC	47135.4
2021-02-26	BTC	46320.7
2021-02-27	BTC	46189.9
2021-02-28	BTC	45260.1
2021-03-01	BTC	49593.8
2021-03-02	BTC	48513
2021-03-03	BTC	50368.2
2021-03-04	BTC	48533
2021-03-05	BTC	48879.2
2021-03-06	BTC	48909.8
2021-03-07	BTC	50941.2
2021-03-08	BTC	52304.2
2021-03-09	BTC	54916.3
2021-03-10	BTC	55972.8
2021-03-11	BTC	57797
2021-03-12	BTC	57271.2
2021-03-13	BTC	61283.8
2021-03-14	BTC	59423
2021-03-15	BTC	55743.9
2021-03-16	BTC	56919.2
2021-03-17	BTC	58927.5
2021-03-18	BTC	57644.9
2021-03-19	BTC	58050.6
2021-03-20	BTC	58126.1
2021-03-21	BTC	57465.1
2021-03-22	BTC	54100
2021-03-23	BTC	54582.7
2021-03-24	BTC	52267
2021-03-25	BTC	51325
2021-03-26	BTC	55072.4
2021-03-27	BTC	55880.1
2021-03-28	BTC	55778.8
2021-03-29	BTC	57613.1
2021-03-30	BTC	58786.4
2021-03-31	BTC	58800
2021-04-01	BTC	58726.4
2021-04-02	BTC	58978.5
2021-04-03	BTC	57094.3
2021-04-04	BTC	58200.2
2021-04-05	BTC	59123
2021-04-06	BTC	58014.5
2021-04-07	BTC	55955.7
2021-04-08	BTC	58019.8
2021-04-09	BTC	58092.6
2021-04-10	BTC	59778.6
2021-04-11	BTC	59989.2
2021-04-12	BTC	59886.1
2021-04-13	BTC	63588.2
2021-04-14	BTC	62624.5
2021-04-15	BTC	63237
2021-04-16	BTC	61427.2
2021-04-17	BTC	60141.1
2021-04-18	BTC	56274.4
2021-04-19	BTC	55670.9
2021-04-20	BTC	56423
2021-04-21	BTC	53808.7
2021-04-22	BTC	51701.5
2021-04-23	BTC	51076
2021-04-24	BTC	50046.4
2021-04-25	BTC	49059.5
2021-04-26	BTC	54017.2
2021-04-27	BTC	55046.7
2021-04-28	BTC	54894
2021-04-29	BTC	53583.6
2021-04-30	BTC	57885.2
2021-05-01	BTC	57858.2
2021-05-02	BTC	56625.1
2021-05-03	BTC	57197.5
2021-05-04	BTC	53241.9
2021-05-05	BTC	57515.6
2021-05-06	BTC	56444.5
2021-05-07	BTC	57392.4
2021-05-08	BTC	58958
2021-05-09	BTC	58238.4
2021-05-10	BTC	55804.8
2021-05-11	BTC	56755.9
2021-05-12	BTC	49498.7
2021-05-13	BTC	49694.4
2021-05-14	BTC	49961.6
2021-05-15	BTC	46795.7
2021-05-16	BTC	46450.7
2021-05-17	BTC	43580.5
2021-05-18	BTC	42857.1
2021-05-19	BTC	36941
2021-05-20	BTC	40623.2
2021-05-21	BTC	37340.7
2021-05-22	BTC	37596.1
2021-05-23	BTC	34742.5
2021-05-24	BTC	38878.5
2021-05-25	BTC	38200
2021-05-26	BTC	39293.2
2021-05-27	BTC	38556.8
2021-05-28	BTC	35670.5
2021-05-29	BTC	34618.7
2021-05-30	BTC	35646.4
2021-05-31	BTC	37271.8
2021-06-01	BTC	36685
2021-06-02	BTC	37581.8
2021-06-03	BTC	39244.9
2021-06-04	BTC	36952.8
2021-06-05	BTC	35530.6
2021-06-06	BTC	35800.4
2021-06-07	BTC	33583.3
2021-06-08	BTC	33416.6
2021-06-09	BTC	37373
2021-06-10	BTC	36694
2021-06-11	BTC	37349.9
2021-06-12	BTC	35517.3
2021-06-13	BTC	39015.2
2021-06-14	BTC	40530.6
2021-06-15	BTC	40242.3
2021-06-16	BTC	38351
2021-06-17	BTC	38094.7
2021-06-18	BTC	35767.7
2021-06-19	BTC	35484.7
2021-06-20	BTC	35631
2021-06-21	BTC	31608.1
2021-06-22	BTC	32538.3
2021-06-23	BTC	33674.2
2021-06-24	BTC	34654.5
2021-06-25	BTC	31596.6
2021-06-26	BTC	32275.1
2021-06-27	BTC	34709.2
2021-06-28	BTC	34493.2
2021-06-29	BTC	35904.2
2021-06-30	BTC	35069.6
2021-07-01	BTC	33524.5
2021-07-02	BTC	33805
2021-07-03	BTC	34682.1
2021-07-04	BTC	35312.8
2021-07-05	BTC	33764.3
2021-07-06	BTC	34111.9
2021-07-07	BTC	33878.5
2021-07-08	BTC	32854.1
2021-07-09	BTC	33824.2
2021-07-10	BTC	33515.3
2021-07-11	BTC	34259.2
2021-07-12	BTC	33091.1
2021-07-13	BTC	32577.5
2021-07-14	BTC	32816.3
2021-07-15	BTC	31868.6
2021-07-16	BTC	31381.1
2021-07-17	BTC	31576.2
2021-07-18	BTC	31788.2
2021-07-19	BTC	30842
2021-07-20	BTC	29789.9
2021-07-21	BTC	32135.1
2021-07-22	BTC	32290.3
2021-07-23	BTC	33521.4
2021-07-24	BTC	34252.6
2021-07-25	BTC	35428.2
2021-07-26	BTC	37262.7
2021-07-27	BTC	39488.7
2021-07-28	BTC	40035.1
2021-07-29	BTC	40033.5
2021-07-30	BTC	42137.4
2021-07-31	BTC	41697.2
2021-08-01	BTC	39865.4
2021-08-02	BTC	39149.5
2021-08-03	BTC	38191.4
2021-08-04	BTC	39729.5
2021-08-05	BTC	40888.7
2021-08-06	BTC	42869.5
2021-08-07	BTC	44699.6
2021-08-08	BTC	43765.1
2021-08-09	BTC	46339.9
2021-08-10	BTC	45586.5
2021-08-11	BTC	45553.4
2021-08-12	BTC	44461.4
2021-08-13	BTC	47837.4
2021-08-14	BTC	47113.6
2021-08-15	BTC	47050.2
2021-08-16	BTC	45874.7
2021-08-17	BTC	44671.5
2021-08-18	BTC	44837.6
2021-08-19	BTC	46765.8
2021-08-20	BTC	49296.4
2021-08-21	BTC	48990.9
2021-08-22	BTC	49284.6
2021-08-23	BTC	49506.5
2021-08-24	BTC	47667.3
2021-08-25	BTC	48987.3
2021-08-26	BTC	47071.4
2021-08-27	BTC	49077.5
2021-08-28	BTC	48889.9
2021-08-29	BTC	48919.3
2021-08-30	BTC	46993.7
2021-08-31	BTC	47261.2
2021-09-01	BTC	48839.8
2021-09-02	BTC	49338.3
2021-09-03	BTC	50025
2021-09-04	BTC	49960.7
2021-09-05	BTC	51751.5
2021-09-06	BTC	52656.2
2021-09-07	BTC	46894.5
2021-09-08	BTC	46073.5
2021-09-09	BTC	46300
2021-09-10	BTC	44851.4
2021-09-11	BTC	45171.8
2021-09-12	BTC	46016.1
2021-09-13	BTC	45005.2
2021-09-14	BTC	47039.2
2021-09-15	BTC	48130.2
2021-09-16	BTC	47801.5
2021-09-17	BTC	47235
2021-09-18	BTC	48213.7
2021-09-19	BTC	47255.9
2021-09-20	BTC	43012.9
2021-09-21	BTC	40683
2021-09-22	BTC	43575.1
2021-09-23	BTC	44879.6
2021-09-24	BTC	42840.7
2021-09-25	BTC	42705.5
2021-09-26	BTC	43228.5
2021-09-27	BTC	42171.7
2021-09-28	BTC	41049
2021-09-29	BTC	41522.1
2021-09-30	BTC	43824.4
2021-10-01	BTC	48159.5
2021-10-02	BTC	47662.4
2021-10-03	BTC	48174.3
2021-10-04	BTC	49178.3
2021-10-05	BTC	51487.9
2021-10-06	BTC	55344.5
2021-10-07	BTC	53775
2021-10-08	BTC	53963.8
2021-10-09	BTC	55074.1
2021-10-10	BTC	54690.5
2021-10-11	BTC	57487.4
2021-10-12	BTC	56007.4
2021-10-13	BTC	57376.6
2021-10-14	BTC	57359.5
2021-10-15	BTC	61691.2
2021-10-16	BTC	60883.8
2021-10-17	BTC	61571.8
2021-10-18	BTC	61986.7
2021-10-19	BTC	64300
2021-10-20	BTC	66017.7
2021-10-21	BTC	62210.8
2021-10-22	BTC	60687.6
2021-10-23	BTC	61284.9
2021-10-24	BTC	60838.8
2021-10-25	BTC	62996.6
2021-10-26	BTC	60437.1
2021-10-27	BTC	58455.4
2021-10-28	BTC	60608.1
2021-10-29	BTC	62258
2021-10-30	BTC	61892.4
2021-10-31	BTC	61343.6
2021-11-01	BTC	60949.5
2021-11-02	BTC	63152.2
2021-11-03	BTC	62998.9
2021-11-04	BTC	61411.4
2021-11-05	BTC	61073.1
2021-11-06	BTC	61539.3
2021-11-07	BTC	63272.2
2021-11-08	BTC	67582.6
2021-11-09	BTC	66938
2021-11-10	BTC	64976.6
2021-11-11	BTC	64820.9
2021-11-12	BTC	64293.3
2021-11-13	BTC	64400
2021-11-14	BTC	65312.6
2021-11-15	BTC	63835.2
2021-11-16	BTC	60107.9
2021-11-17	BTC	60394.9
2021-11-18	BTC	56898
2021-11-19	BTC	58115.9
2021-11-20	BTC	59760.7
2021-11-21	BTC	58671.2
2021-11-22	BTC	56415.1
2021-11-23	BTC	57566.8
2021-11-24	BTC	57162.6
2021-11-25	BTC	58975.4
2021-11-26	BTC	53700.6
2021-11-27	BTC	54760.4
2021-11-28	BTC	57212.2
2021-11-29	BTC	57879
2021-11-30	BTC	57057.5
2021-12-01	BTC	57180.1
2021-12-02	BTC	56479.5
2021-12-03	BTC	53672.5
2021-12-04	BTC	49105.5
2021-12-05	BTC	49310.2
2021-12-06	BTC	50556.9
2021-12-07	BTC	50604.3
2021-12-08	BTC	50519.6
2021-12-09	BTC	47824.3
2021-12-10	BTC	46968.5
2021-12-11	BTC	49343.1
2021-12-12	BTC	50149.2
2021-12-13	BTC	46812.1
2021-12-14	BTC	48392
2021-12-15	BTC	48884.7
2021-12-16	BTC	47634.2
2021-12-17	BTC	46155.3
2021-12-18	BTC	46928.3
2021-12-19	BTC	46690.5
2021-12-20	BTC	46915.8
2021-12-21	BTC	48954.8
2021-12-22	BTC	48658.6
2021-12-23	BTC	50773.9
2021-12-24	BTC	50848.1
2021-12-25	BTC	50652.8
2021-12-26	BTC	50801.7
2021-12-27	BTC	50717.7
2021-12-28	BTC	47635.9
2021-12-29	BTC	46471.2
2021-12-30	BTC	47122
2021-12-31	BTC	46195
2022-01-01	BTC	47733.4
2022-01-02	BTC	47299
2022-01-03	BTC	46435.5
2022-01-04	BTC	45814.6
2022-01-05	BTC	43523.4
2022-01-06	BTC	43083.7
2022-01-07	BTC	41565.1
2022-01-08	BTC	41684.8
2022-01-09	BTC	41865.2
2022-01-10	BTC	41822.9
2022-01-11	BTC	42694.8
2022-01-12	BTC	43921.8
2022-01-13	BTC	42581.6
2022-01-14	BTC	43099
2022-01-15	BTC	43160.2
2022-01-16	BTC	43099.7
2022-01-17	BTC	42214
2022-01-18	BTC	42369.7
2022-01-19	BTC	41709.2
2022-01-20	BTC	40646.6
2022-01-21	BTC	36456.9
2022-01-22	BTC	35070.1
2022-01-23	BTC	36278
2022-01-24	BTC	36701.5
2022-01-25	BTC	36964.2
2022-01-26	BTC	36840.6
2022-01-27	BTC	37188.3
2022-01-28	BTC	37741.9
2022-01-29	BTC	38191.1
2022-01-30	BTC	37901.3
2022-01-31	BTC	38491.9
2022-02-01	BTC	38777.8
2022-02-02	BTC	36859.9
2022-02-03	BTC	37077.9
2022-02-04	BTC	41709.9
2022-02-05	BTC	41433.6
2022-02-06	BTC	42415.1
2022-02-07	BTC	43919.5
2022-02-08	BTC	44130.5
2022-02-09	BTC	44339.6
2022-02-10	BTC	43517.2
2022-02-11	BTC	42400.2
2022-02-12	BTC	42178.4
2022-02-13	BTC	42075
2022-02-14	BTC	42548.6
2022-02-15	BTC	44591.8
2022-02-16	BTC	43986.1
2022-02-17	BTC	40546.2
2022-02-18	BTC	39983.5
2022-02-19	BTC	40147.9
2022-02-20	BTC	38389
2022-02-21	BTC	37023
2022-02-22	BTC	38251.4
2022-02-23	BTC	37301.4
2022-02-24	BTC	38347.3
2022-02-25	BTC	39251.1
2022-02-26	BTC	39137.8
2022-02-27	BTC	37717
2022-02-28	BTC	43198.6
2022-03-01	BTC	44404.1
2022-03-02	BTC	43916.4
2022-03-03	BTC	42464.4
2022-03-04	BTC	39166.4
2022-03-05	BTC	39412.9
2022-03-06	BTC	38408
2022-03-07	BTC	37998
2022-03-08	BTC	38749.3
2022-03-09	BTC	41980.1
2022-03-10	BTC	39433.7
2022-03-11	BTC	38759.8
2022-03-12	BTC	38862.5
2022-03-13	BTC	37822.6
2022-03-14	BTC	39612.5
2022-03-15	BTC	39291.5
2022-03-16	BTC	41123.4
2022-03-17	BTC	40950.3
2022-03-18	BTC	41780.5
2022-03-19	BTC	42232.2
2022-03-20	BTC	41281.9
2022-03-21	BTC	41017.7
2022-03-22	BTC	42368.4
2022-03-23	BTC	42940.5
2022-03-24	BTC	43989.9
2022-03-25	BTC	44337.4
2022-03-26	BTC	44539.4
2022-03-27	BTC	46881.6
2022-03-28	BTC	46990.7
2022-03-29	BTC	47454.1
2022-03-30	BTC	47078
2016-10-14	ETH	11.92
2016-10-15	ETH	11.95
2016-10-16	ETH	11.95
2016-10-17	ETH	11.96
2016-10-18	ETH	12.54
2016-10-19	ETH	12.01
2016-10-20	ETH	12.06
2016-10-21	ETH	12.05
2016-10-22	ETH	12.03
2016-10-23	ETH	11.94
2016-10-24	ETH	11.92
2016-10-25	ETH	11.33
2016-10-26	ETH	11.49
2016-10-27	ETH	11.48
2016-10-28	ETH	11.13
2016-10-29	ETH	10.47
2016-10-30	ETH	11.19
2016-10-31	ETH	10.98
2016-11-01	ETH	10.84
2016-11-02	ETH	10.83
2016-11-03	ETH	10.87
2016-11-04	ETH	11.15
2016-11-05	ETH	11.16
2016-11-06	ETH	11.01
2016-11-07	ETH	10.93
2016-11-08	ETH	10.84
2016-11-09	ETH	10.62
2016-11-10	ETH	10.51
2016-11-11	ETH	10.29
2016-11-12	ETH	9.95
2016-11-13	ETH	10.14
2016-11-14	ETH	10.02
2016-11-15	ETH	10.27
2016-11-16	ETH	10
2016-11-17	ETH	9.91
2016-11-18	ETH	9.51
2016-11-19	ETH	9.68
2016-11-20	ETH	9.6
2016-11-21	ETH	9.54
2016-11-22	ETH	9.87
2016-11-23	ETH	9.8
2016-11-24	ETH	9.18
2016-11-25	ETH	9.4
2016-11-26	ETH	9.33
2016-11-27	ETH	8.98
2016-11-28	ETH	8.67
2016-11-29	ETH	8.14
2016-11-30	ETH	8.61
2016-12-01	ETH	8.45
2016-12-02	ETH	7.73
2016-12-03	ETH	7.86
2016-12-04	ETH	7.37
2016-12-05	ETH	6.75
2016-12-06	ETH	7.83
2016-12-07	ETH	8.35
2016-12-08	ETH	8.2
2016-12-09	ETH	8.47
2016-12-10	ETH	8.14
2016-12-11	ETH	8.23
2016-12-12	ETH	8.5
2016-12-13	ETH	8.41
2016-12-14	ETH	8.24
2016-12-15	ETH	7.83
2016-12-16	ETH	7.84
2016-12-17	ETH	7.85
2016-12-18	ETH	7.92
2016-12-19	ETH	7.64
2016-12-20	ETH	7.64
2016-12-21	ETH	7.91
2016-12-22	ETH	7.55
2016-12-23	ETH	7.13
2016-12-24	ETH	7.22
2016-12-25	ETH	7.19
2016-12-26	ETH	7.26
2016-12-27	ETH	7.16
2016-12-28	ETH	7.62
2016-12-29	ETH	8.29
2016-12-30	ETH	8.21
2016-12-31	ETH	8.16
2017-01-01	ETH	8.18
2017-01-02	ETH	8.38
2017-01-03	ETH	9.59
2017-01-04	ETH	11.17
2017-01-05	ETH	10.23
2017-01-06	ETH	10.14
2017-01-07	ETH	9.92
2017-01-08	ETH	10.5
2017-01-09	ETH	10.39
2017-01-10	ETH	10.63
2017-01-11	ETH	9.95
2017-01-12	ETH	9.8
2017-01-13	ETH	9.84
2017-01-14	ETH	9.86
2017-01-15	ETH	9.9
2017-01-16	ETH	9.66
2017-01-17	ETH	10.34
2017-01-18	ETH	10.23
2017-01-19	ETH	10.42
2017-01-20	ETH	10.62
2017-01-21	ETH	10.93
2017-01-22	ETH	10.77
2017-01-23	ETH	10.8
2017-01-24	ETH	10.57
2017-01-25	ETH	10.55
2017-01-26	ETH	10.6
2017-01-27	ETH	10.55
2017-01-28	ETH	10.58
2017-01-29	ETH	10.49
2017-01-30	ETH	10.6
2017-01-31	ETH	10.7
2017-02-01	ETH	10.72
2017-02-02	ETH	10.82
2017-02-03	ETH	10.99
2017-02-04	ETH	11.41
2017-02-05	ETH	11.26
2017-02-06	ETH	11.34
2017-02-07	ETH	11.51
2017-02-08	ETH	11.41
2017-02-09	ETH	11.02
2017-02-10	ETH	11.43
2017-02-11	ETH	11.52
2017-02-12	ETH	11.5
2017-02-13	ETH	11.43
2017-02-14	ETH	13.14
2017-02-15	ETH	12.98
2017-02-16	ETH	12.89
2017-02-17	ETH	12.75
2017-02-18	ETH	12.89
2017-02-19	ETH	12.9
2017-02-20	ETH	12.61
2017-02-21	ETH	12.83
2017-02-22	ETH	12.75
2017-02-23	ETH	13.21
2017-02-24	ETH	13.2
2017-02-25	ETH	13.65
2017-02-26	ETH	14.74
2017-02-27	ETH	15.66
2017-02-28	ETH	16.4
2017-03-01	ETH	17.37
2017-03-02	ETH	19.27
2017-03-03	ETH	19.68
2017-03-04	ETH	18.65
2017-03-05	ETH	19.4
2017-03-06	ETH	19.68
2017-03-07	ETH	18.96
2017-03-08	ETH	16.68
2017-03-09	ETH	17.82
2017-03-10	ETH	19.2
2017-03-11	ETH	21.64
2017-03-12	ETH	23.39
2017-03-13	ETH	28.64
2017-03-14	ETH	28.69
2017-03-15	ETH	35.65
2017-03-16	ETH	45.96
2017-03-17	ETH	44.62
2017-03-18	ETH	33.64
2017-03-19	ETH	43.21
2017-03-20	ETH	42.31
2017-03-21	ETH	42.36
2017-03-22	ETH	41.37
2017-03-23	ETH	42.99
2017-03-24	ETH	52.93
2017-03-25	ETH	50.5
2017-03-26	ETH	50.73
2017-03-27	ETH	48.97
2017-03-28	ETH	50.3
2017-03-29	ETH	53.1
2017-03-30	ETH	51.88
2017-03-31	ETH	50.18
2017-04-01	ETH	50.71
2017-04-02	ETH	48.74
2017-04-03	ETH	44.25
2017-04-04	ETH	44.47
2017-04-05	ETH	44.78
2017-04-06	ETH	43.3
2017-04-07	ETH	42.32
2017-04-08	ETH	44.45
2017-04-09	ETH	43.92
2017-04-10	ETH	43.92
2017-04-11	ETH	43.83
2017-04-12	ETH	46.48
2017-04-13	ETH	49.77
2017-04-14	ETH	47.2
2017-04-15	ETH	48.94
2017-04-16	ETH	48.13
2017-04-17	ETH	47.94
2017-04-18	ETH	49.79
2017-04-19	ETH	47.78
2017-04-20	ETH	49.38
2017-04-21	ETH	48.37
2017-04-22	ETH	48.61
2017-04-23	ETH	48.96
2017-04-24	ETH	50.12
2017-04-25	ETH	50.31
2017-04-26	ETH	53.42
2017-04-27	ETH	63.67
2017-04-28	ETH	73.14
2017-04-29	ETH	70.4
2017-04-30	ETH	80.87
2017-05-01	ETH	79.35
2017-05-02	ETH	77.55
2017-05-03	ETH	81.29
2017-05-04	ETH	95.97
2017-05-05	ETH	91.93
2017-05-06	ETH	95.84
2017-05-07	ETH	93.82
2017-05-08	ETH	89.25
2017-05-09	ETH	86.58
2017-05-10	ETH	88.36
2017-05-11	ETH	88.3
2017-05-12	ETH	85.17
2017-05-13	ETH	88.42
2017-05-14	ETH	89.39
2017-05-15	ETH	91
2017-05-16	ETH	87.98
2017-05-17	ETH	86.88
2017-05-18	ETH	96.2
2017-05-19	ETH	125.14
2017-05-20	ETH	123.63
2017-05-21	ETH	148.78
2017-05-22	ETH	160.1
2017-05-23	ETH	169.95
2017-05-24	ETH	196.06
2017-05-25	ETH	181.51
2017-05-26	ETH	163.8
2017-05-27	ETH	159.91
2017-05-28	ETH	175.48
2017-05-29	ETH	194.82
2017-05-30	ETH	228.69
2017-05-31	ETH	229.14
2017-06-01	ETH	221.91
2017-06-02	ETH	222.04
2017-06-03	ETH	224.95
2017-06-04	ETH	245.5
2017-06-05	ETH	248
2017-06-06	ETH	264.22
2017-06-07	ETH	255.68
2017-06-08	ETH	258.64
2017-06-09	ETH	279.38
2017-06-10	ETH	340.2
2017-06-11	ETH	343.01
2017-06-12	ETH	397.37
2017-06-13	ETH	388
2017-06-14	ETH	341.7
2017-06-15	ETH	343.71
2017-06-16	ETH	354.26
2017-06-17	ETH	368.98
2017-06-18	ETH	351.85
2017-06-19	ETH	358.71
2017-06-20	ETH	350.94
2017-06-21	ETH	325.41
2017-06-22	ETH	320.02
2017-06-23	ETH	326.99
2017-06-24	ETH	304.5
2017-06-25	ETH	278.49
2017-06-26	ETH	252.99
2017-06-27	ETH	287.23
2017-06-28	ETH	315.32
2017-06-29	ETH	292.95
2017-06-30	ETH	280.04
2017-07-01	ETH	263.12
2017-07-02	ETH	285
2017-07-03	ETH	276.37
2017-07-04	ETH	269.2
2017-07-05	ETH	266.27
2017-07-06	ETH	266.01
2017-07-07	ETH	241.28
2017-07-08	ETH	246.64
2017-07-09	ETH	238.81
2017-07-10	ETH	202.86
2017-07-11	ETH	190.57
2017-07-12	ETH	224.04
2017-07-13	ETH	205
2017-07-14	ETH	197.23
2017-07-15	ETH	167.72
2017-07-16	ETH	155.68
2017-07-17	ETH	190.87
2017-07-18	ETH	227.01
2017-07-19	ETH	194.74
2017-07-20	ETH	226.06
2017-07-21	ETH	216.6
2017-07-22	ETH	230.69
2017-07-23	ETH	228.31
2017-07-24	ETH	225.96
2017-07-25	ETH	203.78
2017-07-26	ETH	203.23
2017-07-27	ETH	202.94
2017-07-28	ETH	190.72
2017-07-29	ETH	205.9
2017-07-30	ETH	196.95
2017-07-31	ETH	200.82
2017-08-01	ETH	225.73
2017-08-02	ETH	217.92
2017-08-03	ETH	224
2017-08-04	ETH	220.72
2017-08-05	ETH	251.85
2017-08-06	ETH	263.96
2017-08-07	ETH	269.9
2017-08-08	ETH	295.95
2017-08-09	ETH	295.26
2017-08-10	ETH	300.51
2017-08-11	ETH	309.65
2017-08-12	ETH	308.35
2017-08-13	ETH	296.66
2017-08-14	ETH	299.16
2017-08-15	ETH	286.71
2017-08-16	ETH	300.45
2017-08-17	ETH	300.67
2017-08-18	ETH	292.87
2017-08-19	ETH	293.58
2017-08-20	ETH	297.79
2017-08-21	ETH	322
2017-08-22	ETH	314.19
2017-08-23	ETH	317.5
2017-08-24	ETH	324.56
2017-08-25	ETH	330.14
2017-08-26	ETH	332.99
2017-08-27	ETH	348.2
2017-08-28	ETH	347.54
2017-08-29	ETH	372.48
2017-08-30	ETH	384.1
2017-08-31	ETH	389.2
2017-09-01	ETH	392.87
2017-09-02	ETH	354.87
2017-09-03	ETH	353.06
2017-09-04	ETH	316.86
2017-09-05	ETH	320.08
2017-09-06	ETH	339.38
2017-09-07	ETH	335.56
2017-09-08	ETH	307.96
2017-09-09	ETH	304.99
2017-09-10	ETH	300.33
2017-09-11	ETH	298.47
2017-09-12	ETH	294.5
2017-09-13	ETH	275.71
2017-09-14	ETH	223.85
2017-09-15	ETH	260.88
2017-09-16	ETH	255.84
2017-09-17	ETH	259.66
2017-09-18	ETH	298
2017-09-19	ETH	282.8
2017-09-20	ETH	283.55
2017-09-21	ETH	258.11
2017-09-22	ETH	263.88
2017-09-23	ETH	286.03
2017-09-24	ETH	283.21
2017-09-25	ETH	294.41
2017-09-26	ETH	288.77
2017-09-27	ETH	309.85
2017-09-28	ETH	302.33
2017-09-29	ETH	291.88
2017-09-30	ETH	301.57
2017-10-01	ETH	303.25
2017-10-02	ETH	296.72
2017-10-03	ETH	292.36
2017-10-04	ETH	292
2017-10-05	ETH	294.89
2017-10-06	ETH	307.73
2017-10-07	ETH	311.12
2017-10-08	ETH	309.2
2017-10-09	ETH	297
2017-10-10	ETH	297.99
2017-10-11	ETH	302
2017-10-12	ETH	302.12
2017-10-13	ETH	335.89
2017-10-14	ETH	338.37
2017-10-15	ETH	336.89
2017-10-16	ETH	334.36
2017-10-17	ETH	316.37
2017-10-18	ETH	313.59
2017-10-19	ETH	308.02
2017-10-20	ETH	303.15
2017-10-21	ETH	300
2017-10-22	ETH	295.14
2017-10-23	ETH	285.83
2017-10-24	ETH	296.99
2017-10-25	ETH	296.76
2017-10-26	ETH	295.98
2017-10-27	ETH	297.59
2017-10-28	ETH	295.11
2017-10-29	ETH	303.38
2017-10-30	ETH	306.87
2017-10-31	ETH	303.51
2017-11-01	ETH	290.82
2017-11-02	ETH	285.4
2017-11-03	ETH	306
2017-11-04	ETH	301.66
2017-11-05	ETH	296.57
2017-11-06	ETH	297.32
2017-11-07	ETH	292.42
2017-11-08	ETH	307.91
2017-11-09	ETH	320.72
2017-11-10	ETH	298.04
2017-11-11	ETH	315.69
2017-11-12	ETH	307.1
2017-11-13	ETH	315.56
2017-11-14	ETH	335.04
2017-11-15	ETH	331.81
2017-11-16	ETH	330.21
2017-11-17	ETH	332.31
2017-11-18	ETH	346.6
2017-11-19	ETH	354.59
2017-11-20	ETH	368.24
2017-11-21	ETH	361.51
2017-11-22	ETH	381.73
2017-11-23	ETH	406.61
2017-11-24	ETH	470.98
2017-11-25	ETH	466.77
2017-11-26	ETH	473.99
2017-11-27	ETH	477.53
2017-11-28	ETH	468.52
2017-11-29	ETH	434.01
2017-11-30	ETH	434
2017-12-01	ETH	463.82
2017-12-02	ETH	460.34
2017-12-03	ETH	464.76
2017-12-04	ETH	468.22
2017-12-05	ETH	457.3
2017-12-06	ETH	432.49
2017-12-07	ETH	433.28
2017-12-08	ETH	463.45
2017-12-09	ETH	485.04
2017-12-10	ETH	447.51
2017-12-11	ETH	518
2017-12-12	ETH	686.82
2017-12-13	ETH	711.94
2017-12-14	ETH	705.01
2017-12-15	ETH	693.5
2017-12-16	ETH	703.59
2017-12-17	ETH	732.18
2017-12-18	ETH	785.65
2017-12-19	ETH	826.65
2017-12-20	ETH	802.86
2017-12-21	ETH	796.98
2017-12-22	ETH	682.11
2017-12-23	ETH	732.8
2017-12-24	ETH	697.04
2017-12-25	ETH	740.5
2017-12-26	ETH	755.07
2017-12-27	ETH	739.99
2017-12-28	ETH	719.5
2017-12-29	ETH	748.89
2017-12-30	ETH	710.58
2017-12-31	ETH	741.27
2018-01-01	ETH	759.03
2018-01-02	ETH	865
2018-01-03	ETH	938.31
2018-01-04	ETH	949
2018-01-05	ETH	969.27
2018-01-06	ETH	1006.68
2018-01-07	ETH	1118.3
2018-01-08	ETH	1137.01
2018-01-09	ETH	1290.01
2018-01-10	ETH	1246.94
2018-01-11	ETH	1137.01
2018-01-12	ETH	1260
2018-01-13	ETH	1386.02
2018-01-14	ETH	1365.46
2018-01-15	ETH	1278.63
2018-01-16	ETH	1080
2018-01-17	ETH	1028.06
2018-01-18	ETH	1025.78
2018-01-19	ETH	1037.45
2018-01-20	ETH	1150.02
2018-01-21	ETH	1047.13
2018-01-22	ETH	999.68
2018-01-23	ETH	984.03
2018-01-24	ETH	1056.99
2018-01-25	ETH	1040
2018-01-26	ETH	1045.57
2018-01-27	ETH	1100
2018-01-28	ETH	1215.01
2018-01-29	ETH	1162.27
2018-01-30	ETH	1054.39
2018-01-31	ETH	1105.01
2018-02-01	ETH	1017.48
2018-02-02	ETH	911.99
2018-02-03	ETH	969.4
2018-02-04	ETH	826
2018-02-05	ETH	693.54
2018-02-06	ETH	783.83
2018-02-07	ETH	750.04
2018-02-08	ETH	812
2018-02-09	ETH	875.99
2018-02-10	ETH	849.47
2018-02-11	ETH	811.35
2018-02-12	ETH	864.4
2018-02-13	ETH	840.49
2018-02-14	ETH	920.26
2018-02-15	ETH	929.3
2018-02-16	ETH	936.02
2018-02-17	ETH	974.99
2018-02-18	ETH	912.41
2018-02-19	ETH	939.01
2018-02-20	ETH	884.76
2018-02-21	ETH	840.34
2018-02-22	ETH	806
2018-02-23	ETH	854.01
2018-02-24	ETH	833.2
2018-02-25	ETH	841.96
2018-02-26	ETH	867.09
2018-02-27	ETH	871.07
2018-02-28	ETH	849.99
2018-03-01	ETH	868.74
2018-03-02	ETH	854.31
2018-03-03	ETH	854.34
2018-03-04	ETH	861.74
2018-03-05	ETH	848.83
2018-03-06	ETH	815.43
2018-03-07	ETH	751.38
2018-03-08	ETH	698.83
2018-03-09	ETH	728.46
2018-03-10	ETH	683.6
2018-03-11	ETH	719.79
2018-03-12	ETH	696.51
2018-03-13	ETH	690.39
2018-03-14	ETH	614.63
2018-03-15	ETH	610.99
2018-03-16	ETH	600.51
2018-03-17	ETH	549.79
2018-03-18	ETH	538
2018-03-19	ETH	555.55
2018-03-20	ETH	558
2018-03-21	ETH	559.98
2018-03-22	ETH	539.89
2018-03-23	ETH	543.04
2018-03-24	ETH	519.57
2018-03-25	ETH	522.55
2018-03-26	ETH	486.75
2018-03-27	ETH	449
2018-03-28	ETH	445.47
2018-03-29	ETH	383.29
2018-03-30	ETH	394.46
2018-03-31	ETH	394.54
2018-04-01	ETH	378.18
2018-04-02	ETH	384
2018-04-03	ETH	416.28
2018-04-04	ETH	378.43
2018-04-05	ETH	381.55
2018-04-06	ETH	370.32
2018-04-07	ETH	384.61
2018-04-08	ETH	399.9
2018-04-09	ETH	398.8
2018-04-10	ETH	415.45
2018-04-11	ETH	430.81
2018-04-12	ETH	493.41
2018-04-13	ETH	495.76
2018-04-14	ETH	502.4
2018-04-15	ETH	533.74
2018-04-16	ETH	511.28
2018-04-17	ETH	502.42
2018-04-18	ETH	525.89
2018-04-19	ETH	567.29
2018-04-20	ETH	617.17
2018-04-21	ETH	605.16
2018-04-22	ETH	620.07
2018-04-23	ETH	642.85
2018-04-24	ETH	703.38
2018-04-25	ETH	617.49
2018-04-26	ETH	661
2018-04-27	ETH	643.11
2018-04-28	ETH	682
2018-04-29	ETH	687.51
2018-04-30	ETH	669.81
2018-05-01	ETH	670.75
2018-05-02	ETH	685.02
2018-05-03	ETH	775.51
2018-05-04	ETH	783.01
2018-05-05	ETH	812
2018-05-06	ETH	784.28
2018-05-07	ETH	752.42
2018-05-08	ETH	746.99
2018-05-09	ETH	750
2018-05-10	ETH	723.51
2018-05-11	ETH	678.05
2018-05-12	ETH	684.66
2018-05-13	ETH	729.29
2018-05-14	ETH	726.9
2018-05-15	ETH	706.08
2018-05-16	ETH	707.45
2018-05-17	ETH	668.56
2018-05-18	ETH	694.5
2018-05-19	ETH	695.96
2018-05-20	ETH	714
2018-05-21	ETH	696.77
2018-05-22	ETH	640.5
2018-05-23	ETH	577.2
2018-05-24	ETH	602.64
2018-05-25	ETH	584.02
2018-05-26	ETH	584.99
2018-05-27	ETH	570.75
2018-05-28	ETH	511.33
2018-05-29	ETH	566.66
2018-05-30	ETH	557.22
2018-05-31	ETH	577.1
2018-06-01	ETH	578.89
2018-06-02	ETH	590.46
2018-06-03	ETH	618.63
2018-06-04	ETH	591.5
2018-06-05	ETH	607.6
2018-06-06	ETH	606.18
2018-06-07	ETH	603.56
2018-06-08	ETH	598.59
2018-06-09	ETH	593.41
2018-06-10	ETH	525.25
2018-06-11	ETH	531.68
2018-06-12	ETH	494.14
2018-06-13	ETH	476.02
2018-06-14	ETH	519.75
2018-06-15	ETH	487.45
2018-06-16	ETH	497.31
2018-06-17	ETH	496.5
2018-06-18	ETH	517.47
2018-06-19	ETH	538.5
2018-06-20	ETH	536
2018-06-21	ETH	525.49
2018-06-22	ETH	462.01
2018-06-23	ETH	475.17
2018-06-24	ETH	454.79
2018-06-25	ETH	458.41
2018-06-26	ETH	429.08
2018-06-27	ETH	441.41
2018-06-28	ETH	420
2018-06-29	ETH	434.6
2018-06-30	ETH	453.29
2018-07-01	ETH	451.43
2018-07-02	ETH	476.34
2018-07-03	ETH	461.75
2018-07-04	ETH	466.9
2018-07-05	ETH	467.25
2018-07-06	ETH	469.3
2018-07-07	ETH	484.48
2018-07-08	ETH	486.08
2018-07-09	ETH	471.6
2018-07-10	ETH	432.59
2018-07-11	ETH	446.25
2018-07-12	ETH	431.46
2018-07-13	ETH	432.8
2018-07-14	ETH	434.13
2018-07-15	ETH	449.41
2018-07-16	ETH	478.18
2018-07-17	ETH	499.01
2018-07-18	ETH	478.81
2018-07-19	ETH	468.39
2018-07-20	ETH	448.21
2018-07-21	ETH	461.5
2018-07-22	ETH	456.9
2018-07-23	ETH	449
2018-07-24	ETH	478.79
2018-07-25	ETH	470.81
2018-07-26	ETH	461.42
2018-07-27	ETH	469.3
2018-07-28	ETH	468.12
2018-07-29	ETH	466.01
2018-07-30	ETH	456.46
2018-07-31	ETH	432.35
2018-08-01	ETH	419.6
2018-08-02	ETH	410.71
2018-08-03	ETH	417.8
2018-08-04	ETH	407
2018-08-05	ETH	408.83
2018-08-06	ETH	404.99
2018-08-07	ETH	378.08
2018-08-08	ETH	355.7
2018-08-09	ETH	363.99
2018-08-10	ETH	330.99
2018-08-11	ETH	318.02
2018-08-12	ETH	318.15
2018-08-13	ETH	284.11
2018-08-14	ETH	279.4
2018-08-15	ETH	281.21
2018-08-16	ETH	286.67
2018-08-17	ETH	317.54
2018-08-18	ETH	296.61
2018-08-19	ETH	300.03
2018-08-20	ETH	270.76
2018-08-21	ETH	281.49
2018-08-22	ETH	270.47
2018-08-23	ETH	275.87
2018-08-24	ETH	281.35
2018-08-25	ETH	277.97
2018-08-26	ETH	274.25
2018-08-27	ETH	287.99
2018-08-28	ETH	295.39
2018-08-29	ETH	289
2018-08-30	ETH	284.52
2018-08-31	ETH	281.94
2018-09-01	ETH	294.64
2018-09-02	ETH	295.06
2018-09-03	ETH	288.6
2018-09-04	ETH	285.43
2018-09-05	ETH	227.56
2018-09-06	ETH	229.03
2018-09-07	ETH	215.21
2018-09-08	ETH	197
2018-09-09	ETH	195.91
2018-09-10	ETH	196.94
2018-09-11	ETH	185.15
2018-09-12	ETH	182.79
2018-09-13	ETH	211.39
2018-09-14	ETH	210
2018-09-15	ETH	221.69
2018-09-16	ETH	220.19
2018-09-17	ETH	195.97
2018-09-18	ETH	208.5
2018-09-19	ETH	209.81
2018-09-20	ETH	224.41
2018-09-21	ETH	247.76
2018-09-22	ETH	240.71
2018-09-23	ETH	244.35
2018-09-24	ETH	228.01
2018-09-25	ETH	219.19
2018-09-26	ETH	214.15
2018-09-27	ETH	229
2018-09-28	ETH	220.67
2018-09-29	ETH	231.01
2018-09-30	ETH	232.27
2018-10-01	ETH	230.4
2018-10-02	ETH	224.85
2018-10-03	ETH	219.01
2018-10-04	ETH	221
2018-10-05	ETH	226.89
2018-10-06	ETH	223.85
2018-10-07	ETH	224.82
2018-10-08	ETH	227.68
2018-10-09	ETH	226.15
2018-10-10	ETH	223.61
2018-10-11	ETH	188.32
2018-10-12	ETH	194.1
2018-10-13	ETH	196.72
2018-10-14	ETH	191.87
2018-10-15	ETH	204.53
2018-10-16	ETH	205.43
2018-10-17	ETH	203.21
2018-10-18	ETH	199.2
2018-10-19	ETH	200
2018-10-20	ETH	202.69
2018-10-21	ETH	202.12
2018-10-22	ETH	201.25
2018-10-23	ETH	201.12
2018-10-24	ETH	200.68
2018-10-25	ETH	199.65
2018-10-26	ETH	200.7
2018-10-27	ETH	201.46
2018-10-28	ETH	202.43
2018-10-29	ETH	194.31
2018-10-30	ETH	195.35
2018-10-31	ETH	196.95
2018-11-01	ETH	197.96
2018-11-02	ETH	199.75
2018-11-03	ETH	198.35
2018-11-04	ETH	210.06
2018-11-05	ETH	208.53
2018-11-06	ETH	218.65
2018-11-07	ETH	216.84
2018-11-08	ETH	210.34
2018-11-09	ETH	208.01
2018-11-10	ETH	210.29
2018-11-11	ETH	209.88
2018-11-12	ETH	208.77
2018-11-13	ETH	203.2
2018-11-14	ETH	177.79
2018-11-15	ETH	178.89
2018-11-16	ETH	172.4
2018-11-17	ETH	172.49
2018-11-18	ETH	175.87
2018-11-19	ETH	145.21
2018-11-20	ETH	127.55
2018-11-21	ETH	134.73
2018-11-22	ETH	123.25
2018-11-23	ETH	121.44
2018-11-24	ETH	110.16
2018-11-25	ETH	114.3
2018-11-26	ETH	106.95
2018-11-27	ETH	108.7
2018-11-28	ETH	121.94
2018-11-29	ETH	116.38
2018-11-30	ETH	111.65
2018-12-01	ETH	116.82
2018-12-02	ETH	114.76
2018-12-03	ETH	107.21
2018-12-04	ETH	108.61
2018-12-05	ETH	100.76
2018-12-06	ETH	89.09
2018-12-07	ETH	92.45
2018-12-08	ETH	89.99
2018-12-09	ETH	92.79
2018-12-10	ETH	89.23
2018-12-11	ETH	86.96
2018-12-12	ETH	89.09
2018-12-13	ETH	85.35
2018-12-14	ETH	83
2018-12-15	ETH	83.03
2018-12-16	ETH	83.74
2018-12-17	ETH	93.79
2018-12-18	ETH	101
2018-12-19	ETH	99.34
2018-12-20	ETH	114.52
2018-12-21	ETH	107.74
2018-12-22	ETH	116.09
2018-12-23	ETH	129.61
2018-12-24	ETH	139.09
2018-12-25	ETH	128.82
2018-12-26	ETH	130.47
2018-12-27	ETH	114.63
2018-12-28	ETH	136.82
2018-12-29	ETH	134.15
2018-12-30	ETH	138.78
2018-12-31	ETH	130.53
2019-01-01	ETH	139.75
2019-01-02	ETH	153.5
2019-01-03	ETH	147.23
2019-01-04	ETH	153.24
2019-01-05	ETH	154.21
2019-01-06	ETH	155.92
2019-01-07	ETH	150.62
2019-01-08	ETH	148.97
2019-01-09	ETH	149.5
2019-01-10	ETH	126.41
2019-01-11	ETH	125.83
2019-01-12	ETH	124.59
2019-01-13	ETH	115.58
2019-01-14	ETH	128.37
2019-01-15	ETH	120
2019-01-16	ETH	122.12
2019-01-17	ETH	122.55
2019-01-18	ETH	119.53
2019-01-19	ETH	123.17
2019-01-20	ETH	117.43
2019-01-21	ETH	115.86
2019-01-22	ETH	118.08
2019-01-23	ETH	116.55
2019-01-24	ETH	116.4
2019-01-25	ETH	114.95
2019-01-26	ETH	115.01
2019-01-27	ETH	111.35
2019-01-28	ETH	105.47
2019-01-29	ETH	104.02
2019-01-30	ETH	107.61
2019-01-31	ETH	105.79
2019-02-01	ETH	105.88
2019-02-02	ETH	109.3
2019-02-03	ETH	105.94
2019-02-04	ETH	106.08
2019-02-05	ETH	106
2019-02-06	ETH	103.36
2019-02-07	ETH	103.21
2019-02-08	ETH	117.96
2019-02-09	ETH	118.06
2019-02-10	ETH	123.94
2019-02-11	ETH	119.55
2019-02-12	ETH	120.82
2019-02-13	ETH	120.74
2019-02-14	ETH	119.39
2019-02-15	ETH	120.42
2019-02-16	ETH	121.56
2019-02-17	ETH	132.34
2019-02-18	ETH	144.62
2019-02-19	ETH	142.69
2019-02-20	ETH	147.19
2019-02-21	ETH	144.21
2019-02-22	ETH	146.68
2019-02-23	ETH	157.56
2019-02-24	ETH	131.76
2019-02-25	ETH	137.64
2019-02-26	ETH	135.66
2019-02-27	ETH	134.46
2019-02-28	ETH	134.48
2019-03-01	ETH	134.72
2019-03-02	ETH	132.32
2019-03-03	ETH	129.78
2019-03-04	ETH	125.24
2019-03-05	ETH	136.3
2019-03-06	ETH	137
2019-03-07	ETH	136.21
2019-03-08	ETH	132.75
2019-03-09	ETH	136.41
2019-03-10	ETH	134.66
2019-03-11	ETH	132.05
2019-03-12	ETH	132.8
2019-03-13	ETH	131.16
2019-03-14	ETH	131.4
2019-03-15	ETH	135.99
2019-03-16	ETH	140.48
2019-03-17	ETH	138.07
2019-03-18	ETH	137.01
2019-03-19	ETH	138.1
2019-03-20	ETH	138.73
2019-03-21	ETH	134.41
2019-03-22	ETH	135.87
2019-03-23	ETH	136.52
2019-03-24	ETH	135.37
2019-03-25	ETH	133.01
2019-03-26	ETH	133.28
2019-03-27	ETH	139.27
2019-03-28	ETH	137.46
2019-03-29	ETH	142.83
2019-03-30	ETH	142.12
2019-03-31	ETH	141.2
2019-04-01	ETH	141
2019-04-02	ETH	164.69
2019-04-03	ETH	161.33
2019-04-04	ETH	157.4
2019-04-05	ETH	166.08
2019-04-06	ETH	165.79
2019-04-07	ETH	174.84
2019-04-08	ETH	180.74
2019-04-09	ETH	175.83
2019-04-10	ETH	177.55
2019-04-11	ETH	164.92
2019-04-12	ETH	164.27
2019-04-13	ETH	163.75
2019-04-14	ETH	168.11
2019-04-15	ETH	160.24
2019-04-16	ETH	166.38
2019-04-17	ETH	166.54
2019-04-18	ETH	174.15
2019-04-19	ETH	173.83
2019-04-20	ETH	173.73
2019-04-21	ETH	169.9
2019-04-22	ETH	171.58
2019-04-23	ETH	171.07
2019-04-24	ETH	165.75
2019-04-25	ETH	151.95
2019-04-26	ETH	153.41
2019-04-27	ETH	155.66
2019-04-28	ETH	153.19
2019-04-29	ETH	152.36
2019-04-30	ETH	160.4
2019-05-01	ETH	158.39
2019-05-02	ETH	158.7
2019-05-03	ETH	164.91
2019-05-04	ETH	161.85
2019-05-05	ETH	161.25
2019-05-06	ETH	171.07
2019-05-07	ETH	166.34
2019-05-08	ETH	169.58
2019-05-09	ETH	170.11
2019-05-10	ETH	172.21
2019-05-11	ETH	193.99
2019-05-12	ETH	188.23
2019-05-13	ETH	196.51
2019-05-14	ETH	217.6
2019-05-15	ETH	249.12
2019-05-16	ETH	264.39
2019-05-17	ETH	244.59
2019-05-18	ETH	234.03
2019-05-19	ETH	261.089
2019-05-20	ETH	252.22
2019-05-21	ETH	254.74
2019-05-22	ETH	243.32
2019-05-23	ETH	245.64
2019-05-24	ETH	249.83
2019-05-25	ETH	251.55
2019-05-26	ETH	268.8
2019-05-27	ETH	272.65
2019-05-28	ETH	271.15
2019-05-29	ETH	269.39
2019-05-30	ETH	254.47
2019-05-31	ETH	267.56
2019-06-01	ETH	264.78
2019-06-02	ETH	269.23
2019-06-03	ETH	250.89
2019-06-04	ETH	240.93
2019-06-05	ETH	246.32
2019-06-06	ETH	249.85
2019-06-07	ETH	249.49
2019-06-08	ETH	244.3
2019-06-09	ETH	231.3
2019-06-10	ETH	247.29
2019-06-11	ETH	245.11
2019-06-12	ETH	262.92
2019-06-13	ETH	255.25
2019-06-14	ETH	263.79
2019-06-15	ETH	269.29
2019-06-16	ETH	268.33
2019-06-17	ETH	273.97
2019-06-18	ETH	264.07
2019-06-19	ETH	268.79
2019-06-20	ETH	271.82
2019-06-21	ETH	296.25
2019-06-22	ETH	308.49
2019-06-23	ETH	307.48
2019-06-24	ETH	311
2019-06-25	ETH	317.27
2019-06-26	ETH	334.36
2019-06-27	ETH	293.47
2019-06-28	ETH	309.49
2019-06-29	ETH	317
2019-06-30	ETH	290.07
2019-07-01	ETH	294.15
2019-07-02	ETH	291.25
2019-07-03	ETH	301.81
2019-07-04	ETH	282.8
2019-07-05	ETH	288
2019-07-06	ETH	287.57
2019-07-07	ETH	306.67
2019-07-08	ETH	313.24
2019-07-09	ETH	307.92
2019-07-10	ETH	288.64
2019-07-11	ETH	268.68
2019-07-12	ETH	275.55
2019-07-13	ETH	269.04
2019-07-14	ETH	225.76
2019-07-15	ETH	228.28
2019-07-16	ETH	198.89
2019-07-17	ETH	211.4
2019-07-18	ETH	226.31
2019-07-19	ETH	220.96
2019-07-20	ETH	228.89
2019-07-21	ETH	225.64
2019-07-22	ETH	216.77
2019-07-23	ETH	211.93
2019-07-24	ETH	217
2019-07-25	ETH	219.31
2019-07-26	ETH	219.35
2019-07-27	ETH	206.57
2019-07-28	ETH	211.5
2019-07-29	ETH	210.69
2019-07-30	ETH	209.83
2019-07-31	ETH	218.7
2019-08-01	ETH	217.55
2019-08-02	ETH	217.8
2019-08-03	ETH	222.14
2019-08-04	ETH	222.96
2019-08-05	ETH	233
2019-08-06	ETH	225.81
2019-08-07	ETH	225.8
2019-08-08	ETH	220.81
2019-08-09	ETH	210.27
2019-08-10	ETH	206.13
2019-08-11	ETH	216.05
2019-08-12	ETH	211.1
2019-08-13	ETH	208.58
2019-08-14	ETH	186.3
2019-08-15	ETH	187.97
2019-08-16	ETH	185.26
2019-08-17	ETH	185.59
2019-08-18	ETH	194.74
2019-08-19	ETH	202.32
2019-08-20	ETH	196.16
2019-08-21	ETH	187.37
2019-08-22	ETH	191.13
2019-08-23	ETH	194.59
2019-08-24	ETH	190.89
2019-08-25	ETH	186.32
2019-08-26	ETH	188.3
2019-08-27	ETH	186.94
2019-08-28	ETH	172.79
2019-08-29	ETH	168.82
2019-08-30	ETH	168.21
2019-08-31	ETH	172.11
2019-09-01	ETH	171.29
2019-09-02	ETH	178.8
2019-09-03	ETH	179.08
2019-09-04	ETH	174.82
2019-09-05	ETH	174
2019-09-06	ETH	169.55
2019-09-07	ETH	178.08
2019-09-08	ETH	181.15
2019-09-09	ETH	180.63
2019-09-10	ETH	179.17
2019-09-11	ETH	178.3
2019-09-12	ETH	180.89
2019-09-13	ETH	181.65
2019-09-14	ETH	188.85
2019-09-15	ETH	189.3
2019-09-16	ETH	197.59
2019-09-17	ETH	207.95
2019-09-18	ETH	210.27
2019-09-19	ETH	222.89
2019-09-20	ETH	218.06
2019-09-21	ETH	214.8
2019-09-22	ETH	211.51
2019-09-23	ETH	200.89
2019-09-24	ETH	166.26
2019-09-25	ETH	169.98
2019-09-26	ETH	165.82
2019-09-27	ETH	174.44
2019-09-28	ETH	173.9
2019-09-29	ETH	169.75
2019-09-30	ETH	179.6
2019-10-01	ETH	176.15
2019-10-02	ETH	180.82
2019-10-03	ETH	175.05
2019-10-04	ETH	176.1
2019-10-05	ETH	176.73
2019-10-06	ETH	170.18
2019-10-07	ETH	180.68
2019-10-08	ETH	181.26
2019-10-09	ETH	193.26
2019-10-10	ETH	191.79
2019-10-11	ETH	180.84
2019-10-12	ETH	179.86
2019-10-13	ETH	181.36
2019-10-14	ETH	186.65
2019-10-15	ETH	180.58
2019-10-16	ETH	174.5
2019-10-17	ETH	177.31
2019-10-18	ETH	172.96
2019-10-19	ETH	172.09
2019-10-20	ETH	175.49
2019-10-21	ETH	174.37
2019-10-22	ETH	171.3
2019-10-23	ETH	161.57
2019-10-24	ETH	160.67
2019-10-25	ETH	181.66
2019-10-26	ETH	180.03
2019-10-27	ETH	184.41
2019-10-28	ETH	182.28
2019-10-29	ETH	191.1
2019-10-30	ETH	183.38
2019-10-31	ETH	182.72
2019-11-01	ETH	183.19
2019-11-02	ETH	183.27
2019-11-03	ETH	181.69
2019-11-04	ETH	186.25
2019-11-05	ETH	188.88
2019-11-06	ETH	191.13
2019-11-07	ETH	186.71
2019-11-08	ETH	183.18
2019-11-09	ETH	184.88
2019-11-10	ETH	188.88
2019-11-11	ETH	184.65
2019-11-12	ETH	186.98
2019-11-13	ETH	187.72
2019-11-14	ETH	184.55
2019-11-15	ETH	179.82
2019-11-16	ETH	182.25
2019-11-17	ETH	183.88
2019-11-18	ETH	177.85
2019-11-19	ETH	175.52
2019-11-20	ETH	174.32
2019-11-21	ETH	160.84
2019-11-22	ETH	150.31
2019-11-23	ETH	152
2019-11-24	ETH	140.28
2019-11-25	ETH	145.91
2019-11-26	ETH	148.04
2019-11-27	ETH	153
2019-11-28	ETH	151.01
2019-11-29	ETH	154.75
2019-11-30	ETH	151.97
2019-12-01	ETH	151.47
2019-12-02	ETH	149.13
2019-12-03	ETH	147.51
2019-12-04	ETH	145.65
2019-12-05	ETH	147.86
2019-12-06	ETH	148.74
2019-12-07	ETH	147.43
2019-12-08	ETH	150.67
2019-12-09	ETH	147.35
2019-12-10	ETH	145.64
2019-12-11	ETH	143.18
2019-12-12	ETH	144.69
2019-12-13	ETH	144.66
2019-12-14	ETH	141.81
2019-12-15	ETH	142.29
2019-12-16	ETH	132.7
2019-12-17	ETH	121.55
2019-12-18	ETH	133.01
2019-12-19	ETH	128.19
2019-12-20	ETH	128.36
2019-12-21	ETH	127.05
2019-12-22	ETH	132.33
2019-12-23	ETH	128.02
2019-12-24	ETH	127.54
2019-12-25	ETH	124.95
2019-12-26	ETH	125.44
2019-12-27	ETH	126.26
2019-12-28	ETH	127.97
2019-12-29	ETH	134.28
2019-12-30	ETH	131.009
2019-12-31	ETH	128.539
2020-01-01	ETH	130.27
2020-01-02	ETH	126.81
2020-01-03	ETH	133.57
2020-01-04	ETH	134.13
2020-01-05	ETH	134.99
2020-01-06	ETH	144.19
2020-01-07	ETH	143.35
2020-01-08	ETH	140.6
2020-01-09	ETH	137.71
2020-01-10	ETH	144.72
2020-01-11	ETH	142.63
2020-01-12	ETH	146.6
2020-01-13	ETH	143.51
2020-01-14	ETH	165.76
2020-01-15	ETH	166.29
2020-01-16	ETH	163.93
2020-01-17	ETH	169.59
2020-01-18	ETH	174.43
2020-01-19	ETH	166.75
2020-01-20	ETH	166.68
2020-01-21	ETH	169.19
2020-01-22	ETH	167.7
2020-01-23	ETH	162.4
2020-01-24	ETH	162.3
2020-01-25	ETH	160.12
2020-01-26	ETH	167.35
2020-01-27	ETH	169.77
2020-01-28	ETH	175.77
2020-01-29	ETH	173.4
2020-01-30	ETH	184.55
2020-01-31	ETH	179.74
2020-02-01	ETH	183.68
2020-02-02	ETH	188.39
2020-02-03	ETH	189.68
2020-02-04	ETH	188.24
2020-02-05	ETH	204
2020-02-06	ETH	212.95
2020-02-07	ETH	223.22
2020-02-08	ETH	223.37
2020-02-09	ETH	228.8
2020-02-10	ETH	222.85
2020-02-11	ETH	237.98
2020-02-12	ETH	266.41
2020-02-13	ETH	268.42
2020-02-14	ETH	286.27
2020-02-15	ETH	264.92
2020-02-16	ETH	258.5
2020-02-17	ETH	268.03
2020-02-18	ETH	282.81
2020-02-19	ETH	259.48
2020-02-20	ETH	257.97
2020-02-21	ETH	265.8
2020-02-22	ETH	262.079
2020-02-23	ETH	275.21
2020-02-24	ETH	266.16
2020-02-25	ETH	247.93
2020-02-26	ETH	224.73
2020-02-27	ETH	227.63
2020-02-28	ETH	227.37
2020-02-29	ETH	218.55
2020-03-01	ETH	218.18
2020-03-02	ETH	232.08
2020-03-03	ETH	223.57
2020-03-04	ETH	223.98
2020-03-05	ETH	228.49
2020-03-06	ETH	244.73
2020-03-07	ETH	237.75
2020-03-08	ETH	198.99
2020-03-09	ETH	201.39
2020-03-10	ETH	200.15
2020-03-11	ETH	194.61
2020-03-12	ETH	106.09
2020-03-13	ETH	133.33
2020-03-14	ETH	122.17
2020-03-15	ETH	123.3
2020-03-16	ETH	110.82
2020-03-17	ETH	116.09
2020-03-18	ETH	118.6
2020-03-19	ETH	136.68
2020-03-20	ETH	133.27
2020-03-21	ETH	132.11
2020-03-22	ETH	122.42
2020-03-23	ETH	136.35
2020-03-24	ETH	139
2020-03-25	ETH	136.26
2020-03-26	ETH	139
2020-03-27	ETH	131.57
2020-03-28	ETH	131.35
2020-03-29	ETH	125.01
2020-03-30	ETH	132.32
2020-03-31	ETH	133.08
2020-04-01	ETH	136.16
2020-04-02	ETH	141.53
2020-04-03	ETH	141.42
2020-04-04	ETH	144.48
2020-04-05	ETH	142.79
2020-04-06	ETH	170.74
2020-04-07	ETH	164.97
2020-04-08	ETH	173.36
2020-04-09	ETH	170.22
2020-04-10	ETH	158.1
2020-04-11	ETH	158.55
2020-04-12	ETH	160.09
2020-04-13	ETH	156.62
2020-04-14	ETH	157.97
2020-04-15	ETH	153.21
2020-04-16	ETH	172.31
2020-04-17	ETH	170.89
2020-04-18	ETH	187.46
2020-04-19	ETH	180.57
2020-04-20	ETH	170.5
2020-04-21	ETH	171.07
2020-04-22	ETH	183.11
2020-04-23	ETH	185.2
2020-04-24	ETH	187.71
2020-04-25	ETH	194.51
2020-04-26	ETH	197.53
2020-04-27	ETH	196.78
2020-04-28	ETH	197.63
2020-04-29	ETH	215.52
2020-04-30	ETH	206.23
2020-05-01	ETH	212.09
2020-05-02	ETH	214.25
2020-05-03	ETH	210.24
2020-05-04	ETH	206.86
2020-05-05	ETH	205.43
2020-05-06	ETH	199.26
2020-05-07	ETH	212.42
2020-05-08	ETH	211.59
2020-05-09	ETH	210.54
2020-05-10	ETH	187.97
2020-05-11	ETH	186.06
2020-05-12	ETH	189.43
2020-05-13	ETH	200.01
2020-05-14	ETH	203.45
2020-05-15	ETH	194.45
2020-05-16	ETH	200.53
2020-05-17	ETH	207.05
2020-05-18	ETH	214.83
2020-05-19	ETH	214.71
2020-05-20	ETH	209.96
2020-05-21	ETH	198.72
2020-05-22	ETH	207.09
2020-05-23	ETH	206.8
2020-05-24	ETH	201.57
2020-05-25	ETH	204.24
2020-05-26	ETH	200.91
2020-05-27	ETH	207.94
2020-05-28	ETH	219.45
2020-05-29	ETH	220.5
2020-05-30	ETH	243.28
2020-05-31	ETH	231.54
2020-06-01	ETH	247.98
2020-06-02	ETH	237.71
2020-06-03	ETH	244.6
2020-06-04	ETH	243.18
2020-06-05	ETH	240.04
2020-06-06	ETH	241.98
2020-06-07	ETH	244.38
2020-06-08	ETH	246.89
2020-06-09	ETH	244.03
2020-06-10	ETH	248.04
2020-06-11	ETH	230.15
2020-06-12	ETH	237.53
2020-06-13	ETH	238.17
2020-06-14	ETH	231.34
2020-06-15	ETH	230.98
2020-06-16	ETH	235.29
2020-06-17	ETH	233.71
2020-06-18	ETH	231.05
2020-06-19	ETH	228.66
2020-06-20	ETH	228.8
2020-06-21	ETH	227.81
2020-06-22	ETH	243.21
2020-06-23	ETH	243.05
2020-06-24	ETH	234.44
2020-06-25	ETH	232.29
2020-06-26	ETH	229.41
2020-06-27	ETH	220.57
2020-06-28	ETH	224.76
2020-06-29	ETH	227.81
2020-06-30	ETH	225.7
2020-07-01	ETH	231.03
2020-07-02	ETH	226.48
2020-07-03	ETH	225.08
2020-07-04	ETH	229.34
2020-07-05	ETH	227.67
2020-07-06	ETH	241.7
2020-07-07	ETH	238.98
2020-07-08	ETH	247.01
2020-07-09	ETH	242
2020-07-10	ETH	241.2
2020-07-11	ETH	239.17
2020-07-12	ETH	242.81
2020-07-13	ETH	239.44
2020-07-14	ETH	240.43
2020-07-15	ETH	238.33
2020-07-16	ETH	233.41
2020-07-17	ETH	232.7
2020-07-18	ETH	235.8
2020-07-19	ETH	239.19
2020-07-20	ETH	236.1
2020-07-21	ETH	245.88
2020-07-22	ETH	264.28
2020-07-23	ETH	275.3
2020-07-24	ETH	279.58
2020-07-25	ETH	305.01
2020-07-26	ETH	310.85
2020-07-27	ETH	321.91
2020-07-28	ETH	317.24
2020-07-29	ETH	317.82
2020-07-30	ETH	334.65
2020-07-31	ETH	346.36
2020-08-01	ETH	387.4
2020-08-02	ETH	372.21
2020-08-03	ETH	386.22
2020-08-04	ETH	389.82
2020-08-05	ETH	400.99
2020-08-06	ETH	395.28
2020-08-07	ETH	379.75
2020-08-08	ETH	393.33
2020-08-09	ETH	390.41
2020-08-10	ETH	395.69
2020-08-11	ETH	378.88
2020-08-12	ETH	387.45
2020-08-13	ETH	426.11
2020-08-14	ETH	437.54
2020-08-15	ETH	433.27
2020-08-16	ETH	433.7
2020-08-17	ETH	431.33
2020-08-18	ETH	422.41
2020-08-19	ETH	408.22
2020-08-20	ETH	415.92
2020-08-21	ETH	388.05
2020-08-22	ETH	395.95
2020-08-23	ETH	390.67
2020-08-24	ETH	407.98
2020-08-25	ETH	383.33
2020-08-26	ETH	386.1
2020-08-27	ETH	382.03
2020-08-28	ETH	395.25
2020-08-29	ETH	398.58
2020-08-30	ETH	428.94
2020-08-31	ETH	433.89
2020-09-01	ETH	475.57
2020-09-02	ETH	440.67
2020-09-03	ETH	382.87
2020-09-04	ETH	388.76
2020-09-05	ETH	335.25
2020-09-06	ETH	352.77
2020-09-07	ETH	351.57
2020-09-08	ETH	337.48
2020-09-09	ETH	350.68
2020-09-10	ETH	368.06
2020-09-11	ETH	373.61
2020-09-12	ETH	387.81
2020-09-13	ETH	366.58
2020-09-14	ETH	376.32
2020-09-15	ETH	364.2
2020-09-16	ETH	365.23
2020-09-17	ETH	389.45
2020-09-18	ETH	384.64
2020-09-19	ETH	385.03
2020-09-20	ETH	370.69
2020-09-21	ETH	340.11
2020-09-22	ETH	344.26
2020-09-23	ETH	320.63
2020-09-24	ETH	349.14
2020-09-25	ETH	352.11
2020-09-26	ETH	354.99
2020-09-27	ETH	357.25
2020-09-28	ETH	353.91
2020-09-29	ETH	359.9
2020-09-30	ETH	359.38
2020-10-01	ETH	352.75
2020-10-02	ETH	345.7
2020-10-03	ETH	346.18
2020-10-04	ETH	352.48
2020-10-05	ETH	353.81
2020-10-06	ETH	340.78
2020-10-07	ETH	341.68
2020-10-08	ETH	350.73
2020-10-09	ETH	365.36
2020-10-10	ETH	370.89
2020-10-11	ETH	374.38
2020-10-12	ETH	386.74
2020-10-13	ETH	380.99
2020-10-14	ETH	379.62
2020-10-15	ETH	377.37
2020-10-16	ETH	365.57
2020-10-17	ETH	368.64
2020-10-18	ETH	378.58
2020-10-19	ETH	379.36
2020-10-20	ETH	368.81
2020-10-21	ETH	392.28
2020-10-22	ETH	414.7
2020-10-23	ETH	409.52
2020-10-24	ETH	412.62
2020-10-25	ETH	406.37
2020-10-26	ETH	393.86
2020-10-27	ETH	405.91
2020-10-28	ETH	388.63
2020-10-29	ETH	387.6
2020-10-30	ETH	383.37
2020-10-31	ETH	386.99
2020-11-01	ETH	395.89
2020-11-02	ETH	383.33
2020-11-03	ETH	388.32
2020-11-04	ETH	403.18
2020-11-05	ETH	417.12
2020-11-06	ETH	456.66
2020-11-07	ETH	435.85
2020-11-08	ETH	454.98
2020-11-09	ETH	444.44
2020-11-10	ETH	450.57
2020-11-11	ETH	463.88
2020-11-12	ETH	462.36
2020-11-13	ETH	477.48
2020-11-14	ETH	461.16
2020-11-15	ETH	449.04
2020-11-16	ETH	461.74
2020-11-17	ETH	482.56
2020-11-18	ETH	480
2020-11-19	ETH	471.97
2020-11-20	ETH	510.43
2020-11-21	ETH	551.21
2020-11-22	ETH	557.05
2020-11-23	ETH	609.58
2020-11-24	ETH	602.9
2020-11-25	ETH	571.02
2020-11-26	ETH	520.23
2020-11-27	ETH	519.07
2020-11-28	ETH	537.74
2020-11-29	ETH	575.38
2020-11-30	ETH	613.33
2020-12-01	ETH	589.88
2020-12-02	ETH	598.45
2020-12-03	ETH	617.33
2020-12-04	ETH	571.7
2020-12-05	ETH	595.85
2020-12-06	ETH	601.58
2020-12-07	ETH	591.92
2020-12-08	ETH	553.95
2020-12-09	ETH	573.54
2020-12-10	ETH	559.99
2020-12-11	ETH	544.24
2020-12-12	ETH	568.56
2020-12-13	ETH	590.4
2020-12-14	ETH	586.51
2020-12-15	ETH	589.4
2020-12-16	ETH	637.92
2020-12-17	ETH	643.54
2020-12-18	ETH	654.66
2020-12-19	ETH	659.02
2020-12-20	ETH	638.4
2020-12-21	ETH	611.02
2020-12-22	ETH	635.75
2020-12-23	ETH	584.15
2020-12-24	ETH	612.24
2020-12-25	ETH	626.75
2020-12-26	ETH	636.04
2020-12-27	ETH	684.12
2020-12-28	ETH	729.74
2020-12-29	ETH	731.76
2020-12-30	ETH	753.43
2020-12-31	ETH	738.42
2021-01-01	ETH	730.99
2021-01-02	ETH	775.3
2021-01-03	ETH	980.44
2021-01-04	ETH	1042.41
2021-01-05	ETH	1102.88
2021-01-06	ETH	1204.13
2021-01-07	ETH	1228.18
2021-01-08	ETH	1217.5
2021-01-09	ETH	1281.58
2021-01-10	ETH	1263.25
2021-01-11	ETH	1093.75
2021-01-12	ETH	1050.09
2021-01-13	ETH	1130.46
2021-01-14	ETH	1218.55
2021-01-15	ETH	1168.09
2021-01-16	ETH	1234.57
2021-01-17	ETH	1233.9
2021-01-18	ETH	1258.48
2021-01-19	ETH	1368.04
2021-01-20	ETH	1387.96
2021-01-21	ETH	1116.41
2021-01-22	ETH	1233.59
2021-01-23	ETH	1234.55
2021-01-24	ETH	1393.47
2021-01-25	ETH	1318.45
2021-01-26	ETH	1353.84
2021-01-27	ETH	1241.03
2021-01-28	ETH	1332.14
2021-01-29	ETH	1379.87
2021-01-30	ETH	1379.42
2021-01-31	ETH	1317.58
2021-02-01	ETH	1374.85
2021-02-02	ETH	1513.8
2021-02-03	ETH	1666
2021-02-04	ETH	1598.27
2021-02-05	ETH	1720.01
2021-02-06	ETH	1679.77
2021-02-07	ETH	1615.87
2021-02-08	ETH	1752.98
2021-02-09	ETH	1771.44
2021-02-10	ETH	1743.76
2021-02-11	ETH	1787.77
2021-02-12	ETH	1845
2021-02-13	ETH	1818.01
2021-02-14	ETH	1803.75
2021-02-15	ETH	1779.61
2021-02-16	ETH	1783.39
2021-02-17	ETH	1852
2021-02-18	ETH	1938.92
2021-02-19	ETH	1960.57
2021-02-20	ETH	1915.46
2021-02-21	ETH	1935.57
2021-02-22	ETH	1778.7
2021-02-23	ETH	1577.83
2021-02-24	ETH	1625.2
2021-02-25	ETH	1473
2021-02-26	ETH	1445.18
2021-02-27	ETH	1462.63
2021-02-28	ETH	1422.02
2021-03-01	ETH	1569.09
2021-03-02	ETH	1489.57
2021-03-03	ETH	1576.31
2021-03-04	ETH	1539.56
2021-03-05	ETH	1529.09
2021-03-06	ETH	1650.54
2021-03-07	ETH	1728.94
2021-03-08	ETH	1834.58
2021-03-09	ETH	1871.99
2021-03-10	ETH	1798.15
2021-03-11	ETH	1826.02
2021-03-12	ETH	1768.86
2021-03-13	ETH	1924.4
2021-03-14	ETH	1860.49
2021-03-15	ETH	1786.9
2021-03-16	ETH	1805.84
2021-03-17	ETH	1824.74
2021-03-18	ETH	1776.4
2021-03-19	ETH	1807.31
2021-03-20	ETH	1806.72
2021-03-21	ETH	1785.88
2021-03-22	ETH	1681.67
2021-03-23	ETH	1668.09
2021-03-24	ETH	1581.76
2021-03-25	ETH	1587.08
2021-03-26	ETH	1700.1
2021-03-27	ETH	1713.88
2021-03-28	ETH	1686.92
2021-03-29	ETH	1815.73
2021-03-30	ETH	1841.16
2021-03-31	ETH	1913.84
2021-04-01	ETH	1968.38
2021-04-02	ETH	2132.83
2021-04-03	ETH	2009.25
2021-04-04	ETH	2076.36
2021-04-05	ETH	2100.25
2021-04-06	ETH	2115.25
2021-04-07	ETH	1972.4
2021-04-08	ETH	2081.29
2021-04-09	ETH	2066.03
2021-04-10	ETH	2132.92
2021-04-11	ETH	2150.54
2021-04-12	ETH	2141.08
2021-04-13	ETH	2300.02
2021-04-14	ETH	2432.54
2021-04-15	ETH	2516.11
2021-04-16	ETH	2426.64
2021-04-17	ETH	2324.73
2021-04-18	ETH	2243.34
2021-04-19	ETH	2163.82
2021-04-20	ETH	2328.54
2021-04-21	ETH	2357.73
2021-04-22	ETH	2399.98
2021-04-23	ETH	2365.17
2021-04-24	ETH	2211.31
2021-04-25	ETH	2308.32
2021-04-26	ETH	2533.96
2021-04-27	ETH	2655.63
2021-04-28	ETH	2751.22
2021-04-29	ETH	2758.92
2021-04-30	ETH	2775.48
2021-05-01	ETH	2948.92
2021-05-02	ETH	2952.39
2021-05-03	ETH	3433.99
2021-05-04	ETH	3240.74
2021-05-05	ETH	3530
2021-05-06	ETH	3497.13
2021-05-07	ETH	3490
2021-05-08	ETH	3917.5
2021-05-09	ETH	3922.36
2021-05-10	ETH	3949.21
2021-05-11	ETH	4179.81
2021-05-12	ETH	3826.64
2021-05-13	ETH	3727.31
2021-05-14	ETH	4080.51
2021-05-15	ETH	3649.36
2021-05-16	ETH	3585.66
2021-05-17	ETH	3283.32
2021-05-18	ETH	3376.88
2021-05-19	ETH	2458.54
2021-05-20	ETH	2775.07
2021-05-21	ETH	2418.64
2021-05-22	ETH	2300.01
2021-05-23	ETH	2114.38
2021-05-24	ETH	2651.24
2021-05-25	ETH	2684.47
2021-05-26	ETH	2889.84
2021-05-27	ETH	2743.13
2021-05-28	ETH	2422.52
2021-05-29	ETH	2280.53
2021-05-30	ETH	2388.46
2021-05-31	ETH	2706.58
2021-06-01	ETH	2634.42
2021-06-02	ETH	2706.32
2021-06-03	ETH	2856.68
2021-06-04	ETH	2688.89
2021-06-05	ETH	2621.04
2021-06-06	ETH	2710.97
2021-06-07	ETH	2592.46
2021-06-08	ETH	2510.26
2021-06-09	ETH	2611
2021-06-10	ETH	2471.58
2021-06-11	ETH	2355.27
2021-06-12	ETH	2372.91
2021-06-13	ETH	2508.63
2021-06-14	ETH	2582.69
2021-06-15	ETH	2549.32
2021-06-16	ETH	2368.46
2021-06-17	ETH	2373.33
2021-06-18	ETH	2229.57
2021-06-19	ETH	2164.71
2021-06-20	ETH	2239.61
2021-06-21	ETH	1885.67
2021-06-22	ETH	1861.77
2021-06-23	ETH	1968.34
2021-06-24	ETH	1988.81
2021-06-25	ETH	1819.55
2021-06-26	ETH	1829.17
2021-06-27	ETH	1984.71
2021-06-28	ETH	2083.79
2021-06-29	ETH	2166.17
2021-06-30	ETH	2272.98
2021-07-01	ETH	2116.1
2021-07-02	ETH	2156
2021-07-03	ETH	2227.01
2021-07-04	ETH	2323.15
2021-07-05	ETH	2198.62
2021-07-06	ETH	2321.84
2021-07-07	ETH	2312.61
2021-07-08	ETH	2116.94
2021-07-09	ETH	2149.96
2021-07-10	ETH	2110.03
2021-07-11	ETH	2140.82
2021-07-12	ETH	2031.96
2021-07-13	ETH	1932.37
2021-07-14	ETH	1994.11
2021-07-15	ETH	1918.07
2021-07-16	ETH	1876.99
2021-07-17	ETH	1902.57
2021-07-18	ETH	1891.46
2021-07-19	ETH	1818.45
2021-07-20	ETH	1786.46
2021-07-21	ETH	1994.29
2021-07-22	ETH	2022.89
2021-07-23	ETH	2125.75
2021-07-24	ETH	2186.25
2021-07-25	ETH	2190.73
2021-07-26	ETH	2228.26
2021-07-27	ETH	2294.17
2021-07-28	ETH	2299.27
2021-07-29	ETH	2380.69
2021-07-30	ETH	2468.77
2021-07-31	ETH	2540.12
2021-08-01	ETH	2569.57
2021-08-02	ETH	2608.12
2021-08-03	ETH	2508.31
2021-08-04	ETH	2725.87
2021-08-05	ETH	2825.27
2021-08-06	ETH	2893.32
2021-08-07	ETH	3168.69
2021-08-08	ETH	3014.13
2021-08-09	ETH	3162.34
2021-08-10	ETH	3141.32
2021-08-11	ETH	3163.34
2021-08-12	ETH	3047.21
2021-08-13	ETH	3324.51
2021-08-14	ETH	3269.24
2021-08-15	ETH	3309.56
2021-08-16	ETH	3149.28
2021-08-17	ETH	3006.13
2021-08-18	ETH	3029.84
2021-08-19	ETH	3184.21
2021-08-20	ETH	3286.58
2021-08-21	ETH	3229.79
2021-08-22	ETH	3244.01
2021-08-23	ETH	3323.12
2021-08-24	ETH	3168.32
2021-08-25	ETH	3228.51
2021-08-26	ETH	3110.39
2021-08-27	ETH	3266.6
2021-08-28	ETH	3242.47
2021-08-29	ETH	3233.74
2021-08-30	ETH	3229.01
2021-08-31	ETH	3444.39
2021-09-01	ETH	3817.15
2021-09-02	ETH	3793.16
2021-09-03	ETH	3940.06
2021-09-04	ETH	3887.53
2021-09-05	ETH	3951.43
2021-09-06	ETH	3928.89
2021-09-07	ETH	3436.96
2021-09-08	ETH	3481.72
2021-09-09	ETH	3419.93
2021-09-10	ETH	3209.82
2021-09-11	ETH	3266.97
2021-09-12	ETH	3403.75
2021-09-13	ETH	3291.77
2021-09-14	ETH	3421.45
2021-09-15	ETH	3615.13
2021-09-16	ETH	3568.62
2021-09-17	ETH	3397.24
2021-09-18	ETH	3429.25
2021-09-19	ETH	3323
2021-09-20	ETH	2977.31
2021-09-21	ETH	2759.55
2021-09-22	ETH	3078.72
2021-09-23	ETH	3153.49
2021-09-24	ETH	2930.61
2021-09-25	ETH	2924.53
2021-09-26	ETH	3064.64
2021-09-27	ETH	2927.15
2021-09-28	ETH	2807.19
2021-09-29	ETH	2848.28
2021-09-30	ETH	3000.45
2021-10-01	ETH	3306.19
2021-10-02	ETH	3387.63
2021-10-03	ETH	3419.25
2021-10-04	ETH	3384.51
2021-10-05	ETH	3515.3
2021-10-06	ETH	3575.85
2021-10-07	ETH	3588.51
2021-10-08	ETH	3563.84
2021-10-09	ETH	3575.83
2021-10-10	ETH	3415.51
2021-10-11	ETH	3542.37
2021-10-12	ETH	3490.61
2021-10-13	ETH	3597.42
2021-10-14	ETH	3791.85
2021-10-15	ETH	3868.44
2021-10-16	ETH	3832.25
2021-10-17	ETH	3847.18
2021-10-18	ETH	3742.11
2021-10-19	ETH	3876.6
2021-10-20	ETH	4160.43
2021-10-21	ETH	4053.9
2021-10-22	ETH	3972.3
2021-10-23	ETH	4165.6
2021-10-24	ETH	4082.64
2021-10-25	ETH	4216.2
2021-10-26	ETH	4131.47
2021-10-27	ETH	3925.44
2021-10-28	ETH	4288.26
2021-10-29	ETH	4415.04
2021-10-30	ETH	4325.43
2021-10-31	ETH	4292.06
2021-11-01	ETH	4322.64
2021-11-02	ETH	4593.85
2021-11-03	ETH	4608.82
2021-11-04	ETH	4537.78
2021-11-05	ETH	4486.03
2021-11-06	ETH	4516.16
2021-11-07	ETH	4616.89
2021-11-08	ETH	4818.97
2021-11-09	ETH	4731.59
2021-11-10	ETH	4632.22
2021-11-11	ETH	4721.87
2021-11-12	ETH	4670.58
2021-11-13	ETH	4644.43
2021-11-14	ETH	4626.38
2021-11-15	ETH	4574.2
2021-11-16	ETH	4223.55
2021-11-17	ETH	4287.18
2021-11-18	ETH	3979.58
2021-11-19	ETH	4298.7
2021-11-20	ETH	4416.18
2021-11-21	ETH	4262.99
2021-11-22	ETH	4089.12
2021-11-23	ETH	4341.25
2021-11-24	ETH	4270.84
2021-11-25	ETH	4525.87
2021-11-26	ETH	4043.62
2021-11-27	ETH	4071.6
2021-11-28	ETH	4295
2021-11-29	ETH	4448.87
2021-11-30	ETH	4632.45
2021-12-01	ETH	4579.79
2021-12-02	ETH	4510
2021-12-03	ETH	4234.68
2021-12-04	ETH	4104.52
2021-12-05	ETH	4195.59
2021-12-06	ETH	4353.39
2021-12-07	ETH	4306.6
2021-12-08	ETH	4440.24
2021-12-09	ETH	4138.91
2021-12-10	ETH	3894.72
2021-12-11	ETH	4088.59
2021-12-12	ETH	4139.6
2021-12-13	ETH	3790.32
2021-12-14	ETH	3860.58
2021-12-15	ETH	4020.4
2021-12-16	ETH	3957.55
2021-12-17	ETH	3875.31
2021-12-18	ETH	3961.92
2021-12-19	ETH	3922.94
2021-12-20	ETH	3932.66
2021-12-21	ETH	4020.01
2021-12-22	ETH	3981.12
2021-12-23	ETH	4113.08
2021-12-24	ETH	4048.54
2021-12-25	ETH	4098.06
2021-12-26	ETH	4071.94
2021-12-27	ETH	4039.83
2021-12-28	ETH	3793.67
2021-12-29	ETH	3630.19
2021-12-30	ETH	3710.02
2021-12-31	ETH	3679.78
2022-01-01	ETH	3767.54
2022-01-02	ETH	3829.13
2022-01-03	ETH	3761.73
2022-01-04	ETH	3792.79
2022-01-05	ETH	3534.98
2022-01-06	ETH	3408.56
2022-01-07	ETH	3190.85
2022-01-08	ETH	3089.7
2022-01-09	ETH	3151.17
2022-01-10	ETH	3083.51
2022-01-11	ETH	3235.75
2022-01-12	ETH	3373.64
2022-01-13	ETH	3241.88
2022-01-14	ETH	3314.18
2022-01-15	ETH	3330.39
2022-01-16	ETH	3351.47
2022-01-17	ETH	3210.98
2022-01-18	ETH	3160.81
2022-01-19	ETH	3089.49
2022-01-20	ETH	2998.84
2022-01-21	ETH	2569.09
2022-01-22	ETH	2411.77
2022-01-23	ETH	2541.19
2022-01-24	ETH	2442.26
2022-01-25	ETH	2460.91
2022-01-26	ETH	2464.98
2022-01-27	ETH	2425.82
2022-01-28	ETH	2546.58
2022-01-29	ETH	2598.07
2022-01-30	ETH	2602.89
2022-01-31	ETH	2689.72
2022-02-01	ETH	2796.73
2022-02-02	ETH	2682.38
2022-02-03	ETH	2679.35
2022-02-04	ETH	2993.11
2022-02-05	ETH	3014.5
2022-02-06	ETH	3058.22
2022-02-07	ETH	3148.45
2022-02-08	ETH	3124.11
2022-02-09	ETH	3241.07
2022-02-10	ETH	3074.98
2022-02-11	ETH	2927.22
2022-02-12	ETH	2914.11
2022-02-13	ETH	2889.27
2022-02-14	ETH	2931.03
2022-02-15	ETH	3181.98
2022-02-16	ETH	3129.33
2022-02-17	ETH	2893.56
2022-02-18	ETH	2780.08
2022-02-19	ETH	2767.6
2022-02-20	ETH	2622.47
2022-02-21	ETH	2570.07
2022-02-22	ETH	2637.98
2022-02-23	ETH	2590.05
2022-02-24	ETH	2594.86
2022-02-25	ETH	2766.21
2022-02-26	ETH	2780.71
2022-02-27	ETH	2618.01
2022-02-28	ETH	2923.08
2022-03-01	ETH	2973.34
2022-03-02	ETH	2948.53
2022-03-03	ETH	2833.54
2022-03-04	ETH	2616.54
2022-03-05	ETH	2665.77
2022-03-06	ETH	2550.46
2022-03-07	ETH	2491.67
2022-03-08	ETH	2576.67
2022-03-09	ETH	2727.6
2022-03-10	ETH	2608.21
2022-03-11	ETH	2556.42
2022-03-12	ETH	2573.8
2022-03-13	ETH	2519.23
2022-03-14	ETH	2587.98
2022-03-15	ETH	2617.52
2022-03-16	ETH	2774.77
2022-03-17	ETH	2814.67
2022-03-18	ETH	2939.8
2022-03-19	ETH	2952.33
2022-03-20	ETH	2862.45
2022-03-21	ETH	2890.84
2022-03-22	ETH	2970.51
2022-03-23	ETH	3032.82
2022-03-24	ETH	3111.6
2022-03-25	ETH	3109.33
2022-03-26	ETH	3146.22
2022-03-27	ETH	3293.12
2022-03-28	ETH	3334.46
2022-03-29	ETH	3404.91
2022-03-30	ETH	3386.68